timestamp,symbol,bot,account,timeframe,signal,signal_type,trigger,confidence,atr,executed,entry_price,sl_price,sl,tp_price,tp,volume_lots,ticket,exit_price,exit_reason,profit,pnl,outcome,duration_minutes,account_balance,account_equity,spread,spread_points,bar_open,bar_high,bar_low,bar_close,ema_fast,ema_slow,ema_separation,rsi,n_bar_high,n_bar_low,conditions_met,ema_50,nearest_sr_level,sr_distance_atr,pattern_type,pin_wick_size,pin_body_ratio,engulf_size_atr,inside_bar_vol_ratio,pattern_detected,sr_nearby,ema_20,momentum_fast_ema,momentum_slow_ema,breakout_high,breakout_low,pullback_distance_atr,volume_ratio,h1_trend,bb_upper,bb_lower,bb_mid,price_position_in_bb,adx,hold_reason
2026-03-22T21:10:25.835961+00:00,EURUSD,cobra,144391,H1,OUTSIDE_HOURS,OUTSIDE_HOURS,NONE,0,0.0020303257606785,0,,,,,,,,,,,,,,,,0.00032,0.00032,1.1536,1.15381,1.1535199999999999,1.15354,,,,,,,,,,,,,,,,,,,,,,,,,,,,,,,no_pattern_at_sr
2026-03-22T21:10:25.837901+00:00,USDJPY,cobra,144391,H1,OUTSIDE_HOURS,OUTSIDE_HOURS,NONE,0,0.1945917344565356,0,,,,,,,,,,,,,,,,0.147,0.147,159.218,159.251,159.2,159.233,,,,,,,,,,,,,,,,,,,,,,,,,,,,,,,no_pattern_at_sr
2026-03-22T22:10:57.859768+00:00,XAUUSD,cobra,144391,H1,OUTSIDE_HOURS,OUTSIDE_HOURS,NONE,0,45.62734865725264,0,,,,,,,,,,,,,,,,0.41,0.41,4475.87,4516.31,4472.59,4507.03,,,,,,,,,,,,,,,,,,,,,,,,,,,,,,,no_pattern_at_sr
2026-03-22T22:10:57.861066+00:00,EURUSD,cobra,144391,H1,OUTSIDE_HOURS,OUTSIDE_HOURS,NONE,0,0.0020181596209110273,0,,,,,,,,,,,,,,,,1e-05,1e-05,1.15497,1.15564,1.15484,1.15555,,,,,,,,,,,,,,,,,,,,,,,,,,,,,,,no_pattern_at_sr
2026-03-22T22:10:57.861878+00:00,USDJPY,cobra,144391,H1,OUTSIDE_HOURS,OUTSIDE_HOURS,NONE,0,0.21913620084995714,0,,,,,,,,,,,,,,,,0.001,0.001,159.397,159.467,159.383,159.387,,,,,,,,,,,,,,,,,,,,,,,,,,,,,,,no_pattern_at_sr
2026-03-22T23:01:24.054860+00:00,XAUUSD,cobra,144391,H1,OUTSIDE_HOURS,OUTSIDE_HOURS,NONE,0,44.06973215292107,0,,,,,,,,,,,,,,,,0.41,0.41,4498.05,4499.44,4494.2,4499.37,,,,,,,,,,,,,,,,,,,,,,,,,,,,,,,no_pattern_at_sr
2026-03-22T23:01:24.055850+00:00,EURUSD,cobra,144391,H1,OUTSIDE_HOURS,OUTSIDE_HOURS,NONE,0,0.0019308419963839011,0,,,,,,,,,,,,,,,,5e-05,5e-05,1.15579,1.15592,1.1557,1.15592,,,,,,,,,,,,,,,,,,,,,,,,,,,,,,,no_pattern_at_sr
2026-03-22T23:01:24.056902+00:00,USDJPY,cobra,144391,H1,OUTSIDE_HOURS,OUTSIDE_HOURS,NONE,0,0.20852953423042486,0,,,,,,,,,,,,,,,,0.009,0.009,159.295,159.307,159.241,159.243,,,,,,,,,,,,,,,,,,,,,,,,,,,,,,,no_pattern_at_sr
2026-03-22T23:11:29.179388+00:00,WTIcash-1,cobra,144391,H1,OUTSIDE_HOURS,OUTSIDE_HOURS,NONE,0,1.3126924782236566,0,,,,,,,,,,,,,,,,0.03,0.03,98.43,98.5,98.3,98.49,,,,,,,,,,,,,,,,,,,,,,,,,,,,,,,no_pattern_at_sr
