trades,win_rate,avg_r,total_r,profit_factor,max_drawdown_r,avg_bars_held,asset,signal,dir_filters,bool_filters,variant
20,0.85,0.7,14.0,5.666666666666667,-1.0,1.75,XAU,rsi_reversal_30_70,m5_trend,london_ny,rsi_reversal_30_70|dir=m5_trend|bool=london_ny
32,0.84375,0.6975993544339778,22.32317934188729,5.773152740668829,-2.0,2.1875,XAU,rsi_reversal_30_70,"m5_trend,h1_trend",none,rsi_reversal_30_70|dir=m5_trend+h1_trend|bool=none
54,0.8333333333333334,0.672651469294209,36.32317934188729,5.186231428896205,-1.6768206581127116,2.2222222222222223,XAU,rsi_reversal_30_70,m5_trend,none,rsi_reversal_30_70|dir=m5_trend|bool=none
201,0.7512437810945274,0.5109274586177226,102.69641918216224,3.1371242098692345,-5.0,2.6666666666666665,XAU,bb_rsi_combo,m5_trend,none,bb_rsi_combo|dir=m5_trend|bool=none
147,0.7346938775510204,0.4809280216473622,70.69641918216224,2.9079523173328505,-7.0,2.8503401360544216,XAU,bb_rsi_combo,"m5_trend,h1_trend",none,bb_rsi_combo|dir=m5_trend+h1_trend|bool=none
74,0.6891891891891891,0.3749996727444466,27.74997578308905,2.206520686221263,-4.0,2.527027027027027,XAU,bb_rsi_combo,m5_trend,london_ny,bb_rsi_combo|dir=m5_trend|bool=london_ny
1280,0.6390625,0.2738135501542919,350.4813441974936,1.7667384538734208,-8.987973765457525,3.06171875,XAU,stoch_reversal,"m5_trend,h1_trend",none,stoch_reversal|dir=m5_trend+h1_trend|bool=none
2000,0.6305,0.25980322642434067,519.6064528486813,1.7180385725487584,-7.0,3.0935,XAU,stoch_reversal,m5_trend,none,stoch_reversal|dir=m5_trend|bool=none
1170,0.6017094017094017,0.20235424537536315,236.75446708917488,1.5182957213677655,-9.0,3.0547008547008545,XAU,cci_reversal,m5_trend,london_ny,cci_reversal|dir=m5_trend|bool=london_ny
1769,0.6014697569248163,0.20319260765420794,359.44772294029383,1.5215571365527825,-10.0,3.1124929338609384,XAU,cci_reversal,"m5_trend,h1_trend",none,cci_reversal|dir=m5_trend+h1_trend|bool=none
823,0.5978128797083839,0.19525951998322616,160.69858494619513,1.4970261585279014,-8.799951103951017,3.154313487241798,XAU,stoch_reversal,m5_trend,london_ny,stoch_reversal|dir=m5_trend|bool=london_ny
2757,0.5919477693144722,0.18198437888594718,501.73093258855636,1.4546656260447497,-11.377881341986836,3.090678273485673,XAU,cci_reversal,m5_trend,none,cci_reversal|dir=m5_trend|bool=none
597,0.5678391959798995,0.1348948212697394,80.53220829803442,1.3186245199980315,-14.0,2.976549413735343,XAU,ema_trend_pullback,"m5_trend,h1_trend","h1_strong,london_ny",ema_trend_pullback|dir=m5_trend+h1_trend|bool=h1_strong+london_ny
566,0.558303886925795,0.11365038857622882,64.32611993414551,1.260857142145069,-13.436116721325433,3.0159010600706715,XAU,rsi_reversal_30_70,h1_rsi,none,rsi_reversal_30_70|dir=h1_rsi|bool=none
863,0.5527230590961761,0.10018230770343094,86.45733154806089,1.2267744966125322,-17.99304186723576,3.0718424101969872,XAU,rsi_reversal_30_70,h1_trend,none,rsi_reversal_30_70|dir=h1_trend|bool=none
640,0.5515625,0.10200660888982291,65.28422968948666,1.229605106213572,-12.0,2.9515625,XAU,stoch_reversal,h1_trend,"h1_range,london_ny",stoch_reversal|dir=h1_trend|bool=h1_range+london_ny
902,0.549889135254989,0.10064651468713412,90.78315624779498,1.2268967029921845,-14.028382296842395,2.8802660753880267,XAU,bb_rsi_combo,h1_rsi,none,bb_rsi_combo|dir=h1_rsi|bool=none
2348,0.5494037478705281,0.09927963058149604,233.1085726053527,1.2229174690990698,-19.488702371154588,2.906303236797274,XAU,stoch_reversal,h1_rsi,none,stoch_reversal|dir=h1_rsi|bool=none
825,0.5490909090909091,0.09188447307967902,75.8046902907352,1.2068300509135452,-19.041545785556732,3.1454545454545455,XAU,ema_trend_pullback,"m5_trend,h1_trend","high_vol,london_ny",ema_trend_pullback|dir=m5_trend+h1_trend|bool=high_vol+london_ny
3607,0.548655392292764,0.09683754666151213,349.29303080807426,1.216834476980244,-23.488702371154588,2.9409481563626283,XAU,stoch_reversal,h1_trend,none,stoch_reversal|dir=h1_trend|bool=none
2716,0.5471281296023565,0.09115607267059905,247.57989337334703,1.2053146817729834,-20.735627478458213,3.179307805596465,XAU,cci_reversal,h1_rsi,none,cci_reversal|dir=h1_rsi|bool=none
4103,0.5413112356812089,0.07905808643398536,324.3753286386419,1.175378525949394,-22.514688005182336,3.163782598098952,XAU,cci_reversal,h1_trend,none,cci_reversal|dir=h1_trend|bool=none
1817,0.5393505778756191,0.07504702044674821,136.3604361517415,1.165557538781787,-14.0,3.1265822784810124,XAU,cci_reversal,h1_trend,london_ny,cci_reversal|dir=h1_trend|bool=london_ny
425,0.5364705882352941,0.0649492756040149,27.60344213170633,1.1423061960377543,-17.636874624343825,3.1788235294117646,XAU,rsi_reversal_30_70,h1_trend,london_ny,rsi_reversal_30_70|dir=h1_trend|bool=london_ny
1378,0.5362844702467344,0.07432315076088847,102.4173017485043,1.1627522827012486,-18.0,2.9267053701015966,XAU,bb_rsi_combo,h1_trend,none,bb_rsi_combo|dir=h1_trend|bool=none
721,0.5339805825242718,0.0637291168848763,45.94869327399581,1.1394640577401394,-14.326509783058329,3.1692094313453536,XAU,cci_reversal,h1_trend,"h1_range,london_ny",cci_reversal|dir=h1_trend|bool=h1_range+london_ny
1569,0.5334608030592735,0.06490443795842567,101.83506315676988,1.1401219300190324,-20.0,2.862970044614404,XAU,stoch_reversal,h1_trend,london_ny,stoch_reversal|dir=h1_trend|bool=london_ny
1355,0.5328413284132841,0.06320217992821421,85.63895380273026,1.1373757622816048,-20.226240094040122,3.1874538745387455,XAU,ema_trend_pullback,"m5_trend,h1_trend",h1_strong,ema_trend_pullback|dir=m5_trend+h1_trend|bool=h1_strong
316,0.5284810126582279,0.05704502604563131,18.026228230419495,1.122975058197148,-12.23668763577489,3.0063291139240507,XAU,macd_ema_confirm,"m5_trend,h1_trend","h1_strong,london_ny",macd_ema_confirm|dir=m5_trend+h1_trend|bool=h1_strong+london_ny
3497,0.5241635687732342,0.04713676904008433,164.8372813331749,1.1006642443468837,-35.06812841948824,3.164998570203031,XAU,ema_trend_pullback,"m5_trend,h1_trend",none,ema_trend_pullback|dir=m5_trend+h1_trend|bool=none
3415,0.5232796486090776,0.04523280555350496,154.47003096521942,1.0959142250927731,-30.443853444545553,2.9551976573938505,XAU,stoch_reversal,none,h1_range,stoch_reversal|dir=none|bool=h1_range
625,0.52,0.03651093129338246,22.81933205836404,1.0766371283582423,-19.0,2.8752,XAU,bb_rsi_combo,h1_trend,london_ny,bb_rsi_combo|dir=h1_trend|bool=london_ny
695,0.5194244604316547,0.04240758154475165,29.473269173602397,1.0897829469192075,-20.227895320542352,3.018705035971223,XAU,macd_ema_confirm,"m5_trend,h1_trend",h1_strong,macd_ema_confirm|dir=m5_trend+h1_trend|bool=h1_strong
1797,0.5164162493043962,0.03036871164553226,54.57257482702147,1.06332002237854,-34.93561853770714,2.898720089037284,XAU,macd_ema_confirm,"m5_trend,h1_trend",none,macd_ema_confirm|dir=m5_trend+h1_trend|bool=none
8596,0.5136109818520243,0.026709563137806328,229.5954047325832,1.0556110065302002,-47.510055656962635,2.954164727780363,XAU,stoch_reversal,none,none,stoch_reversal|dir=none|bool=none
3600,0.5125,0.02274003031753894,81.86410914314018,1.0475129092045046,-50.7473839767501,3.1783333333333332,XAU,cci_reversal,none,h1_range,cci_reversal|dir=none|bool=h1_range
2475,0.5115151515151515,0.01937377537126593,47.950094043883176,1.040103637618471,-65.65467790874537,3.1232323232323234,XAU,rsi_reversal_30_70,none,none,rsi_reversal_30_70|dir=none|bool=none
3978,0.5113122171945701,0.01952618826275414,77.67517690923597,1.0404947989557993,-31.167516285645107,3.1128707893413776,XAU,cci_reversal,none,london_ny,cci_reversal|dir=none|bool=london_ny
3643,0.5111172110897612,0.02315934380869717,84.3694894950838,1.048048977162953,-33.599795131963276,2.9571781498764755,XAU,bb_rsi_combo,none,none,bb_rsi_combo|dir=none|bool=none
1177,0.5097706032285472,0.014426957653350553,16.9805291579936,1.0297757537873689,-38.31492714349468,3.084961767204758,XAU,rsi_reversal_30_70,none,london_ny,rsi_reversal_30_70|dir=none|bool=london_ny
155,0.5096774193548387,0.014156522214634724,2.1942609432683824,1.029237274764219,-13.724612531276474,3.0451612903225804,XAU,rsi_reversal_30_70,h1_trend,"h1_range,london_ny",rsi_reversal_30_70|dir=h1_trend|bool=h1_range+london_ny
9069,0.5092071893262763,0.01580939240124031,143.37537968684836,1.032712362551592,-45.22003339395528,3.1598853236299482,XAU,cci_reversal,none,none,cci_reversal|dir=none|bool=none
965,0.5005181347150259,-0.003554827133124902,-3.4304081834655307,0.9927952479105674,-66.12139508657853,3.1316062176165804,XAU,rsi_reversal_30_70,none,h1_range,rsi_reversal_30_70|dir=none|bool=h1_range
240,0.49583333333333335,-0.008777368138639755,-2.1065683532735413,0.9824105706706611,-15.77471561460188,2.8208333333333333,XAU,bb_rsi_combo,h1_trend,"h1_range,london_ny",bb_rsi_combo|dir=h1_trend|bool=h1_range+london_ny
3777,0.4932486100079428,-0.013479179278570615,-50.910860135161215,0.9731223266679518,-78.67607598292201,2.8819168652369607,XAU,stoch_reversal,none,london_ny,stoch_reversal|dir=none|bool=london_ny
1640,0.4926829268292683,-0.01588278789688091,-26.04777215088469,0.9683427070259045,-63.26497561288073,2.8810975609756095,XAU,bb_rsi_combo,none,london_ny,bb_rsi_combo|dir=none|bool=london_ny
1438,0.4902642559109875,-0.020522546217324047,-29.51142146051198,0.9593523779741007,-70.0955078437895,2.9186369958275384,XAU,bb_rsi_combo,none,h1_range,bb_rsi_combo|dir=none|bool=h1_range
420,0.4880952380952381,-0.023690400691847566,-9.949968290575978,0.9533419882622972,-40.73489988164211,3.05,XAU,macd_ema_confirm,"m5_trend,h1_trend","high_vol,london_ny",macd_ema_confirm|dir=m5_trend+h1_trend|bool=high_vol+london_ny
5935,0.48795282224094355,-0.024374332529962094,-144.66166356532503,0.9516584920071648,-181.39359953191004,3.1208087615838247,XAU,ema_trend_pullback,none,none,ema_trend_pullback|dir=none|bool=none
3076,0.4850455136540962,-0.030791182591364666,-94.71367765103771,0.939720821197061,-107.89247476692249,2.860208062418726,XAU,macd_ema_confirm,none,none,macd_ema_confirm|dir=none|bool=none
