time,open,high,low,close,tick_volume,spread,real_volume,source,timeframe
2025-08-26 00:00:00,109556.75,110607.75,108885.25,109088.75,28704,2851,0,Hydra,H4
2025-08-26 04:00:00,109092.25,110253.0,108649.25,110106.75,27702,3675,0,Hydra,H4
2025-08-26 08:00:00,110107.75,110551.5,109757.75,110101.5,24680,3675,0,Hydra,H4
2025-08-26 12:00:00,110101.0,110807.25,109556.0,110201.5,24119,3097,0,Hydra,H4
2025-08-26 16:00:00,110195.5,110552.75,109355.5,110152.0,33080,3675,0,Hydra,H4
2025-08-26 20:00:00,110153.0,111410.75,109585.25,111358.5,26170,3675,0,Hydra,H4
2025-08-27 00:00:00,111309.07,112396.25,111123.75,111360.0,18521,2851,0,Hydra,H4
2025-08-27 04:00:00,111364.5,111738.5,110911.75,111574.0,22763,3700,0,Hydra,H4
2025-08-27 08:00:00,111583.5,111694.25,110349.75,110750.0,20613,3700,0,Hydra,H4
2025-08-27 12:00:00,110751.0,111410.0,110709.0,111356.75,21284,3700,0,Hydra,H4
2025-08-27 16:00:00,111354.75,112655.25,111004.25,112130.25,32692,3700,0,Hydra,H4
2025-08-27 20:00:00,112128.25,112627.5,110906.25,112407.5,29453,2855,0,Hydra,H4
2025-08-28 00:00:00,112406.57,112439.54,110853.0,111342.25,23130,2851,0,Hydra,H4
2025-08-28 04:00:00,111342.75,113101.75,111321.75,112982.0,22597,3700,0,Hydra,H4
2025-08-28 08:00:00,112980.0,113377.25,112695.0,113142.25,20542,3700,0,Hydra,H4
2025-08-28 12:00:00,113133.75,113353.0,112783.25,113253.5,16373,2875,0,Hydra,H4
2025-08-28 16:00:00,113252.0,113490.25,112320.75,112322.25,28401,3425,0,Hydra,H4
2025-08-28 20:00:00,112326.75,112728.75,111851.5,111926.0,22179,3425,0,Hydra,H4
2025-08-29 00:00:00,111889.99,112651.75,111834.0,112213.25,16883,2851,0,Hydra,H4
2025-08-29 04:00:00,112219.25,112285.0,111297.25,111509.5,21641,3425,0,Hydra,H4
2025-08-29 08:00:00,111510.0,111594.25,109600.75,109620.0,22404,3400,0,Hydra,H4
2025-08-29 12:00:00,109617.5,111503.5,109411.75,110727.75,24441,3400,0,Hydra,H4
2025-08-29 16:00:00,110728.75,110798.5,108061.5,108706.0,34681,3400,0,Hydra,H4
2025-08-29 20:00:00,108710.0,108744.5,107515.0,107837.25,30351,3400,0,Hydra,H4
2025-08-30 00:00:00,107770.25,108555.25,107459.76,108291.75,9310,2851,0,Hydra,H4
2025-08-30 04:00:00,108288.25,108657.25,107338.5,108429.0,20668,3400,0,Hydra,H4
2025-08-30 08:00:00,108428.5,108758.5,108097.25,108566.75,17422,3400,0,Hydra,H4
2025-08-30 12:00:00,108566.75,108709.75,108336.27,108607.75,14069,2851,0,Hydra,H4
2025-08-30 16:00:00,108606.25,108922.75,108189.25,108820.75,18372,3400,0,Hydra,H4
2025-08-30 20:00:00,108818.75,108911.25,108582.25,108636.75,13864,3400,0,Hydra,H4
2025-08-31 00:00:00,108635.49,109403.75,108456.0,109387.0,11652,2851,0,Hydra,H4
2025-08-31 04:00:00,109388.0,109486.25,108668.5,108813.5,14138,3400,0,Hydra,H4
2025-08-31 08:00:00,108815.0,109040.0,108516.25,109017.25,12469,3400,0,Hydra,H4
2025-08-31 12:00:00,109017.75,109111.0,108306.0,108321.5,18167,3400,0,Hydra,H4
2025-08-31 16:00:00,108322.0,108978.0,108188.0,108917.5,19039,3400,0,Hydra,H4
2025-08-31 20:00:00,108917.5,109231.25,108850.25,109104.25,11641,3400,0,Hydra,H4
2025-09-01 00:00:00,109120.5,109236.5,107629.25,108220.25,22305,2851,0,Hydra,H4
2025-09-01 04:00:00,108224.25,108485.75,107268.5,107402.5,29253,3400,0,Hydra,H4
2025-09-01 08:00:00,107403.0,109820.5,107245.75,109591.25,26008,3400,0,Hydra,H4
2025-09-01 12:00:00,109589.75,109917.0,108169.5,109100.0,26570,3400,0,Hydra,H4
2025-09-01 16:00:00,109104.0,109522.0,108569.75,108782.25,29275,3400,0,Hydra,H4
2025-09-01 20:00:00,108780.75,109322.0,108267.0,108746.0,22503,3400,0,Hydra,H4
2025-09-02 00:00:00,108865.25,109447.25,107452.75,109021.0,24628,2851,0,Hydra,H4
2025-09-02 04:00:00,109027.0,110612.75,108987.75,110295.75,24215,3400,0,Hydra,H4
2025-09-02 08:00:00,110293.75,110687.0,109987.25,110361.0,21997,3425,0,Hydra,H4
2025-09-02 12:00:00,110366.0,110688.5,108399.75,108793.25,22970,3400,0,Hydra,H4
2025-09-02 16:00:00,108795.25,111786.5,108737.25,110804.5,35811,3400,0,Hydra,H4
2025-09-02 20:00:00,110807.0,111434.0,110187.0,111394.0,29520,2851,0,Hydra,H4
2025-09-03 00:00:00,111405.99,111792.0,110872.75,111353.0,18667,2851,0,Hydra,H4
2025-09-03 04:00:00,111354.5,111486.0,110820.5,111021.0,21342,3425,0,Hydra,H4
2025-09-03 08:00:00,111022.5,111295.25,110536.5,111033.0,20027,3425,0,Hydra,H4
2025-09-03 12:00:00,111035.5,111892.75,110889.25,111150.25,22772,3425,0,Hydra,H4
2025-09-03 16:00:00,111170.25,112541.0,111081.5,111890.0,29179,3425,0,Hydra,H4
2025-09-03 20:00:00,111876.0,112599.75,111784.75,112237.0,19906,2851,0,Hydra,H4
2025-09-04 00:00:00,112262.5,112300.0,111639.5,112106.0,18799,2851,0,Hydra,H4
2025-09-04 04:00:00,112107.0,112123.5,110937.0,110948.5,26184,3425,0,Hydra,H4
2025-09-04 08:00:00,110950.5,110956.5,110306.0,110662.5,27122,3425,0,Hydra,H4
2025-09-04 12:00:00,110657.5,111171.75,110537.0,110950.5,25803,3418,0,Hydra,H4
2025-09-04 16:00:00,110961.0,111007.75,109328.25,109413.0,33516,3400,0,Hydra,H4
2025-09-04 20:00:00,109421.0,110410.75,109403.5,110346.0,22782,2851,0,Hydra,H4
2025-09-05 00:00:00,110401.5,111759.25,110294.0,110441.0,18973,2851,0,Hydra,H4
2025-09-05 04:00:00,110460.75,111483.0,110443.5,111443.0,21929,3425,0,Hydra,H4
2025-09-05 08:00:00,111447.5,113003.75,111409.5,112623.5,22205,3425,0,Hydra,H4
2025-09-05 12:00:00,112624.5,113398.0,112034.25,113217.75,23466,3425,0,Hydra,H4
2025-09-05 16:00:00,113225.25,113319.75,110232.25,110801.0,34826,3425,0,Hydra,H4
2025-09-05 20:00:00,110802.5,111662.0,110173.75,111600.0,20946,3425,0,Hydra,H4
2025-09-06 00:00:00,111617.8,111667.49,110387.25,110787.0,16544,2851,0,Hydra,H4
2025-09-06 04:00:00,110789.0,111311.75,110728.5,110870.5,14943,3425,0,Hydra,H4
2025-09-06 08:00:00,110870.5,110969.0,110691.5,110933.25,7363,3425,0,Hydra,H4
2025-09-06 12:00:00,110935.25,110939.25,110661.0,110829.0,9611,3370,0,Hydra,H4
2025-09-06 16:00:00,110828.5,110995.75,109944.0,110262.25,13420,3425,0,Hydra,H4
2025-09-06 20:00:00,110256.25,110298.25,109998.0,110132.0,11733,3425,0,Hydra,H4
2025-09-07 00:00:00,110179.25,110385.75,110030.75,110366.75,10552,2851,0,Hydra,H4
2025-09-07 04:00:00,110365.75,110752.75,110339.75,110567.25,11717,3425,0,Hydra,H4
2025-09-07 08:00:00,110571.75,111364.5,110470.75,111062.25,15098,3425,0,Hydra,H4
2025-09-07 12:00:00,111062.25,111297.25,110872.25,111126.25,11976,3425,0,Hydra,H4
2025-09-07 16:00:00,111126.25,111410.75,111032.0,111198.0,14220,3425,0,Hydra,H4
2025-09-07 20:00:00,111199.5,111345.5,110854.0,111286.5,13765,3425,0,Hydra,H4
2025-09-08 00:00:00,111315.5,111611.5,110716.25,110819.0,13070,2851,0,Hydra,H4
2025-09-08 04:00:00,110802.0,111356.5,110591.25,110973.5,16605,3425,0,Hydra,H4
2025-09-08 08:00:00,110974.5,111889.75,110876.5,111659.0,13674,3425,0,Hydra,H4
2025-09-08 12:00:00,111659.0,112176.25,111556.5,112020.25,15446,3425,0,Hydra,H4
2025-09-08 16:00:00,112028.25,112945.75,111862.5,112401.75,22776,3425,0,Hydra,H4
2025-09-08 20:00:00,112389.75,112560.75,111897.75,111986.25,13078,3425,0,Hydra,H4
2025-09-09 00:00:00,111941.6,112528.0,111452.0,111658.0,9693,2851,0,Hydra,H4
2025-09-09 04:00:00,111655.0,112108.0,111114.25,112027.5,16406,3425,0,Hydra,H4
2025-09-09 08:00:00,112025.5,113293.5,111847.75,112999.25,17053,3425,0,Hydra,H4
2025-09-09 12:00:00,112998.75,113072.5,112400.75,112689.0,12713,3425,0,Hydra,H4
2025-09-09 16:00:00,112688.5,112978.5,110743.0,110957.75,25589,3425,0,Hydra,H4
2025-09-09 20:00:00,110958.25,111517.0,110862.25,111477.5,14989,3425,0,Hydra,H4
2025-09-10 00:00:00,111517.65,111738.5,110921.0,111005.0,11226,2851,0,Hydra,H4
2025-09-10 04:00:00,111006.0,111652.25,110906.75,111510.5,14151,2851,0,Hydra,H4
2025-09-10 08:00:00,111510.5,112858.25,111349.75,112366.75,17342,2851,0,Hydra,H4
2025-09-10 12:00:00,112366.75,113523.0,112093.75,113411.25,17533,3425,0,Hydra,H4
2025-09-10 16:00:00,113397.75,114368.25,113385.0,113780.5,25757,3425,0,Hydra,H4
2025-09-10 20:00:00,113780.5,114116.5,113176.25,113668.0,16950,3425,0,Hydra,H4
2025-09-11 00:00:00,113614.5,114059.0,113515.5,113898.25,12824,2851,0,Hydra,H4
2025-09-11 04:00:00,113900.75,114459.0,113730.5,114180.0,16439,3425,0,Hydra,H4
2025-09-11 08:00:00,114186.0,114487.75,113976.25,114071.75,15403,3425,0,Hydra,H4
2025-09-11 12:00:00,114074.25,114520.75,113479.5,114011.5,19466,3150,0,Hydra,H4
2025-09-11 16:00:00,114010.0,114749.25,113436.25,114516.25,25957,3150,0,Hydra,H4
2025-09-11 20:00:00,114518.75,114653.25,114112.75,114444.75,16666,3150,0,Hydra,H4
2025-09-12 00:00:00,114433.0,116371.5,114383.1,115888.25,17331,2851,0,Hydra,H4
2025-09-12 04:00:00,115881.75,116073.5,115081.75,115393.75,20557,3150,0,Hydra,H4
2025-09-12 08:00:00,115393.25,115713.5,114971.0,115083.5,15091,3150,0,Hydra,H4
2025-09-12 12:00:00,115081.0,115212.5,114762.25,115107.5,15887,3150,0,Hydra,H4
2025-09-12 16:00:00,115106.0,115580.0,114836.25,115544.25,23647,3150,0,Hydra,H4
2025-09-12 20:00:00,115544.25,116803.0,115435.75,116179.5,20008,3150,0,Hydra,H4
2025-09-13 00:00:00,116144.83,116400.0,115747.33,116261.0,8575,2851,0,Hydra,H4
2025-09-13 04:00:00,116090.5,116123.5,115647.0,115760.5,11778,3150,0,Hydra,H4
2025-09-13 08:00:00,115760.0,116107.0,115681.97,116022.0,8382,2851,0,Hydra,H4
2025-09-13 12:00:00,116023.0,116248.5,115911.5,116050.5,9304,2851,0,Hydra,H4
2025-09-13 16:00:00,116050.5,116054.5,115174.5,115387.5,16999,3150,0,Hydra,H4
2025-09-13 20:00:00,115392.5,116046.0,115209.5,115980.5,14061,3150,0,Hydra,H4
2025-09-14 00:00:00,115893.38,116061.5,115850.0,115977.0,8934,2851,0,Hydra,H4
2025-09-14 04:00:00,115966.5,116162.5,115505.5,115800.5,12022,3150,0,Hydra,H4
2025-09-14 08:00:00,115800.0,116032.0,115750.0,115982.0,6674,3150,0,Hydra,H4
2025-09-14 12:00:00,115981.5,116219.0,115715.0,115833.5,11142,3150,0,Hydra,H4
2025-09-14 16:00:00,115834.5,115848.0,115205.5,115537.5,16826,3150,0,Hydra,H4
2025-09-14 20:00:00,115538.0,115902.0,115372.0,115852.5,10243,2851,0,Hydra,H4
2025-09-15 00:00:00,115846.0,116136.0,114986.5,115114.5,16704,2851,0,Hydra,H4
2025-09-15 04:00:00,115115.5,116186.5,114846.5,116080.5,15220,3000,0,Hydra,H4
2025-09-15 08:00:00,116080.5,116791.0,114721.5,114771.0,23583,3150,0,Hydra,H4
2025-09-15 12:00:00,114769.5,115233.0,114658.0,114758.0,19973,3150,0,Hydra,H4
2025-09-15 16:00:00,114759.5,115118.5,114405.0,114690.5,29186,3150,0,Hydra,H4
2025-09-15 20:00:00,114693.5,115587.5,114619.0,115381.5,21807,2851,0,Hydra,H4
2025-09-16 00:00:00,115364.41,115648.0,114978.5,115107.5,11317,2850,0,Hydra,H4
2025-09-16 04:00:00,115110.5,115587.25,114954.5,115536.89,16490,2850,0,Hydra,H4
2025-09-16 08:00:00,115536.89,116039.0,115458.0,115696.0,18662,2850,0,Hydra,H4
2025-09-16 12:00:00,115695.0,115753.5,115217.5,115461.5,16650,2850,0,Hydra,H4
2025-09-16 16:00:00,115459.5,116109.5,114692.5,116093.5,23476,2851,0,Hydra,H4
2025-09-16 20:00:00,116092.5,116967.5,116082.5,116902.5,17639,3150,0,Hydra,H4
2025-09-17 00:00:00,116834.42,117004.5,116585.5,116612.5,10122,2700,0,Hydra,H4
2025-09-17 04:00:00,116614.5,117139.5,116194.5,116360.5,14857,3150,0,Hydra,H4
2025-09-17 08:00:00,116360.5,117330.5,116357.5,116891.5,17785,2850,0,Hydra,H4
2025-09-17 12:00:00,116883.5,116884.5,116107.5,116224.5,12472,3150,0,Hydra,H4
2025-09-17 16:00:00,116225.5,116362.5,115397.5,115660.5,22894,2850,0,Hydra,H4
2025-09-17 20:00:00,115660.5,116325.5,114709.5,115591.5,29881,2850,0,Hydra,H4
2025-09-18 00:00:00,115608.97,117032.5,115184.5,116375.5,18117,2850,0,Hydra,H4
2025-09-18 04:00:00,116376.5,117946.5,116366.5,117641.5,20156,3150,0,Hydra,H4
2025-09-18 08:00:00,117641.5,117652.5,116895.5,117266.5,17443,2950,0,Hydra,H4
2025-09-18 12:00:00,117260.5,117395.5,117003.86,117148.5,15678,2950,0,Hydra,H4
2025-09-18 16:00:00,117144.5,117907.5,117032.5,117601.5,20969,3050,0,Hydra,H4
2025-09-18 20:00:00,117585.5,117971.5,117223.5,117587.5,14480,3150,0,Hydra,H4
2025-09-19 00:00:00,117514.68,117514.68,116669.5,117470.5,9742,2851,0,Hydra,H4
2025-09-19 04:00:00,117469.5,117512.5,116735.5,117027.5,13608,3050,0,Hydra,H4
2025-09-19 08:00:00,117027.5,117143.5,116667.5,116966.5,11511,2850,0,Hydra,H4
2025-09-19 12:00:00,116967.5,117037.5,116156.5,116196.5,13874,3150,0,Hydra,H4
2025-09-19 16:00:00,116192.5,116539.5,115488.5,116134.5,22839,2850,0,Hydra,H4
2025-09-19 20:00:00,116135.5,116140.5,115111.5,115320.5,14596,2851,0,Hydra,H4
2025-09-20 00:00:00,115330.06,115791.5,115307.08,115783.5,7679,2851,0,Hydra,H4
2025-09-20 04:00:00,115783.5,115785.5,115460.5,115631.5,7052,3150,0,Hydra,H4
2025-09-20 08:00:00,115632.5,116034.5,115567.5,115766.5,7335,3150,0,Hydra,H4
2025-09-20 12:00:00,115760.5,116007.5,115712.5,115934.5,6622,2950,0,Hydra,H4
2025-09-20 16:00:00,115933.5,116188.5,115894.5,116104.5,6311,3050,0,Hydra,H4
2025-09-20 20:00:00,116102.5,116161.5,115745.5,115834.5,4296,3150,0,Hydra,H4
2025-09-21 00:00:00,115777.5,116011.5,115604.5,115705.5,3899,2851,0,Hydra,H4
2025-09-21 04:00:00,115705.5,115783.5,115506.5,115568.5,5645,2950,0,Hydra,H4
2025-09-21 08:00:00,115567.5,115899.5,115554.5,115699.5,4757,2950,0,Hydra,H4
2025-09-21 12:00:00,115699.5,115822.5,115393.5,115726.5,8379,2850,0,Hydra,H4
2025-09-21 16:00:00,115727.5,115809.5,115268.5,115379.5,8553,3050,0,Hydra,H4
2025-09-21 20:00:00,115380.5,115732.5,115300.5,115410.5,8409,3150,0,Hydra,H4
2025-09-22 00:00:00,115364.5,115607.5,114286.5,114456.5,12266,2850,0,Hydra,H4
2025-09-22 04:00:00,114442.5,114819.5,114199.5,114469.5,17609,3050,0,Hydra,H4
2025-09-22 08:00:00,114468.5,114598.5,111592.5,112697.5,20895,3150,0,Hydra,H4
2025-09-22 12:00:00,112699.5,113056.5,112229.5,112809.5,15627,3050,0,Hydra,H4
2025-09-22 16:00:00,112809.5,113538.5,112438.5,112681.5,21517,3050,0,Hydra,H4
2025-09-22 20:00:00,112683.5,113027.5,112003.5,112895.5,15778,2851,0,Hydra,H4
2025-09-23 00:00:00,112763.79,113046.5,112452.5,112479.5,10207,2850,0,Hydra,H4
2025-09-23 04:00:00,112483.5,112602.5,111545.5,112509.5,16198,2850,0,Hydra,H4
2025-09-23 08:00:00,112508.5,113235.5,112475.5,113182.5,14885,2850,0,Hydra,H4
2025-09-23 12:00:00,113181.5,113334.5,112725.5,112991.5,11723,2850,0,Hydra,H4
2025-09-23 16:00:00,112982.5,113363.5,112504.5,112845.5,20395,2850,0,Hydra,H4
2025-09-23 20:00:00,112848.5,112878.5,111456.5,111970.5,20589,2850,0,Hydra,H4
2025-09-24 00:00:00,111992.5,112409.5,111820.5,112259.5,11125,2850,0,Hydra,H4
2025-09-24 04:00:00,112259.5,112532.5,110993.5,112190.5,16198,2950,0,Hydra,H4
2025-09-24 08:00:00,112171.5,112801.5,112141.5,112636.5,11404,2850,0,Hydra,H4
2025-09-24 12:00:00,112637.5,113188.5,112506.5,113084.5,9780,3150,0,Hydra,H4
2025-09-24 16:00:00,113089.5,113949.5,112811.5,113769.5,20216,2850,0,Hydra,H4
2025-09-24 20:00:00,113769.5,114013.5,113312.5,113576.5,11122,2950,0,Hydra,H4
2025-09-25 00:00:00,113547.5,113700.5,112990.5,113090.5,13993,2851,0,Hydra,H4
2025-09-25 04:00:00,113075.5,113402.5,111587.5,111735.5,26632,2850,0,Hydra,H4
2025-09-25 08:00:00,111735.5,112070.5,111458.5,111748.5,19491,2850,0,Hydra,H4
2025-09-25 12:00:00,111736.5,112285.5,110990.5,111130.5,19582,2850,0,Hydra,H4
2025-09-25 16:00:00,111131.5,111784.5,110603.5,110985.5,29824,2850,0,Hydra,H4
2025-09-25 20:00:00,110986.5,111013.5,108636.5,109143.5,26505,2850,0,Hydra,H4
2025-09-26 00:00:00,109206.5,109738.5,108799.5,109523.5,21522,2850,0,Hydra,H4
2025-09-26 04:00:00,109523.5,109859.5,109292.5,109403.5,19451,2850,0,Hydra,H4
2025-09-26 08:00:00,109404.5,109680.5,108976.5,109628.5,19316,2850,0,Hydra,H4
2025-09-26 12:00:00,109627.5,109771.5,108647.5,109417.5,23506,2850,0,Hydra,H4
2025-09-26 16:00:00,109428.5,109832.5,108791.5,109470.5,29981,2850,0,Hydra,H4
2025-09-26 20:00:00,109456.5,110364.5,109065.5,109362.5,23840,2850,0,Hydra,H4
2025-09-27 00:00:00,109341.5,109736.5,109176.52,109700.5,8260,2850,0,Hydra,H4
2025-09-27 04:00:00,109700.5,109788.5,109361.5,109714.5,12914,2850,0,Hydra,H4
2025-09-27 08:00:00,109713.5,109744.5,109288.5,109298.5,9244,2850,0,Hydra,H4
2025-09-27 12:00:00,109298.5,109535.5,109106.5,109445.5,8317,2850,0,Hydra,H4
2025-09-27 16:00:00,109444.5,109476.5,109228.5,109441.5,9229,3050,0,Hydra,H4
2025-09-27 20:00:00,109444.5,109484.5,109274.5,109432.5,7018,2850,0,Hydra,H4
2025-09-28 00:00:00,109377.49,109848.5,109376.98,109649.5,9940,2850,0,Hydra,H4
2025-09-28 04:00:00,109659.5,109702.5,109371.5,109424.5,10302,2850,0,Hydra,H4
2025-09-28 08:00:00,109424.5,109635.5,109290.5,109543.5,7725,3150,0,Hydra,H4
2025-09-28 12:00:00,109543.5,109607.5,109222.5,109346.5,12724,2850,0,Hydra,H4
2025-09-28 16:00:00,109345.5,110431.5,109338.5,110241.5,16045,2850,0,Hydra,H4
2025-09-28 20:00:00,110236.5,110980.5,110074.5,110860.5,12383,2850,0,Hydra,H4
2025-09-29 00:00:00,110831.5,112386.5,110655.5,112296.5,20206,2850,0,Hydra,H4
2025-09-29 04:00:00,112290.5,112343.5,111604.5,111843.5,17835,2850,0,Hydra,H4
2025-09-29 08:00:00,111841.5,112467.5,111579.5,112121.5,16677,2850,0,Hydra,H4
2025-09-29 12:00:00,112125.5,112555.5,111925.5,112056.5,16279,2850,0,Hydra,H4
2025-09-29 16:00:00,112049.5,114325.5,111936.5,113694.5,26742,2850,0,Hydra,H4
2025-09-29 20:00:00,113694.5,114489.5,113508.5,114294.5,18133,2850,0,Hydra,H4
2025-09-30 00:00:00,114245.79,114844.5,114069.5,114592.5,11425,2850,0,Hydra,H4
2025-09-30 04:00:00,114591.5,114867.0,114143.5,114149.5,16939,2850,0,Hydra,H4
2025-09-30 08:00:00,114149.5,114270.5,113380.5,113491.5,16795,2850,0,Hydra,H4
2025-09-30 12:00:00,113491.5,113495.5,112689.5,113044.5,21508,2850,0,Hydra,H4
2025-09-30 16:00:00,113033.5,113724.5,112782.5,112841.5,32299,2850,0,Hydra,H4
2025-09-30 20:00:00,112844.5,114729.5,112809.5,114646.5,23965,2850,0,Hydra,H4
2025-10-01 00:00:00,114613.85,114753.5,113764.5,114254.5,17885,2850,0,Hydra,H4
2025-10-01 04:00:00,114257.5,114741.5,114097.5,114306.5,19232,2850,0,Hydra,H4
2025-10-01 08:00:00,114313.5,116608.5,114228.5,116157.5,24361,2850,0,Hydra,H4
2025-10-01 12:00:00,116161.5,116945.5,115987.5,116444.5,23718,2850,0,Hydra,H4
2025-10-01 16:00:00,116446.5,118249.5,116444.5,117612.5,27313,2850,0,Hydra,H4
2025-10-01 20:00:00,117613.5,117775.5,116735.5,117563.5,18421,2850,0,Hydra,H4
2025-10-02 00:00:00,117523.62,119511.5,117385.5,118492.5,20782,2850,0,Hydra,H4
2025-10-02 04:00:00,118489.5,119124.5,118413.5,118698.5,21617,2850,0,Hydra,H4
2025-10-02 08:00:00,118702.5,118753.5,118328.5,118743.5,15450,2950,0,Hydra,H4
2025-10-02 12:00:00,118741.5,119492.5,118598.5,119472.5,15102,2850,0,Hydra,H4
2025-10-02 16:00:00,119476.5,120381.5,118587.5,119816.5,29151,2850,0,Hydra,H4
2025-10-02 20:00:00,119811.5,121107.5,119412.5,120712.5,23320,2850,0,Hydra,H4
2025-10-03 00:00:00,120728.5,120841.5,120130.63,120218.5,15000,2850,0,Hydra,H4
2025-10-03 04:00:00,120223.5,120583.5,119909.5,120131.5,15408,2850,0,Hydra,H4
2025-10-03 08:00:00,120145.5,120171.5,119323.5,120135.5,13997,2850,0,Hydra,H4
2025-10-03 12:00:00,120135.5,120608.5,120075.5,120460.5,13211,2850,0,Hydra,H4
2025-10-03 16:00:00,120455.5,123986.5,119964.5,122642.5,29205,2850,0,Hydra,H4
2025-10-03 20:00:00,122630.5,123213.5,121511.5,122595.5,27567,2850,0,Hydra,H4
2025-10-04 00:00:00,122545.5,122747.5,122077.5,122202.5,12282,2850,0,Hydra,H4
2025-10-04 04:00:00,122210.5,122628.5,121776.5,122594.5,15484,2850,0,Hydra,H4
2025-10-04 08:00:00,122595.5,122900.5,122279.5,122344.5,13421,2850,0,Hydra,H4
2025-10-04 12:00:00,122341.5,122546.5,122018.5,122092.5,10148,2850,0,Hydra,H4
2025-10-04 16:00:00,122092.5,122583.5,121644.5,121787.5,15595,3050,0,Hydra,H4
2025-10-04 20:00:00,121788.5,122148.5,121560.5,121975.5,8455,3050,0,Hydra,H4
2025-10-05 00:00:00,121880.39,122486.5,121858.51,122217.5,6621,2850,0,Hydra,H4
2025-10-05 04:00:00,122221.5,125768.5,122191.5,125205.5,20696,2850,0,Hydra,H4
2025-10-05 08:00:00,125214.5,125452.5,124544.5,124601.5,20419,2850,0,Hydra,H4
2025-10-05 12:00:00,124600.5,124686.5,122481.5,123128.5,22744,2850,0,Hydra,H4
2025-10-05 16:00:00,123142.5,123391.5,122264.94,123296.5,15545,2850,0,Hydra,H4
2025-10-05 20:00:00,123302.5,123514.5,122483.5,122831.5,18428,2850,0,Hydra,H4
2025-10-06 00:00:00,122745.5,124408.5,122479.5,123373.5,18655,2850,0,Hydra,H4
2025-10-06 04:00:00,123373.5,124290.5,123214.5,123612.5,24596,2850,0,Hydra,H4
2025-10-06 08:00:00,123611.5,124205.5,123302.5,123877.5,22026,2850,0,Hydra,H4
2025-10-06 12:00:00,123878.5,124732.5,123741.5,124610.5,22783,2850,0,Hydra,H4
2025-10-06 16:00:00,124609.5,125578.5,124398.5,125536.5,27463,2850,0,Hydra,H4
2025-10-06 20:00:00,125517.5,126292.5,125069.5,125294.5,22391,2850,0,Hydra,H4
2025-10-07 00:00:00,125198.52,125365.5,124521.5,124953.5,17491,2850,0,Hydra,H4
2025-10-07 04:00:00,124959.5,125171.5,124160.5,124551.5,23709,2850,0,Hydra,H4
2025-10-07 08:00:00,124550.5,124716.5,123379.5,123932.5,25831,2850,0,Hydra,H4
2025-10-07 12:00:00,123928.5,125235.5,123918.5,124997.5,21175,2950,0,Hydra,H4
2025-10-07 16:00:00,125006.5,125144.5,120842.5,121750.5,37169,2850,0,Hydra,H4
2025-10-07 20:00:00,121756.5,122363.5,120632.5,122018.5,24760,2850,0,Hydra,H4
2025-10-08 00:00:00,122077.5,122239.5,121326.5,121983.5,13540,2850,0,Hydra,H4
2025-10-08 04:00:00,121984.5,122304.5,121136.5,121954.5,23511,2950,0,Hydra,H4
2025-10-08 08:00:00,121956.5,122912.5,121073.5,122422.5,26469,2850,0,Hydra,H4
2025-10-08 12:00:00,122420.5,123246.5,122405.5,122658.5,26567,2850,0,Hydra,H4
2025-10-08 16:00:00,122657.5,123391.5,121656.5,123085.5,32302,2850,0,Hydra,H4
2025-10-08 20:00:00,123087.5,124235.5,122920.5,122948.5,29036,2851,0,Hydra,H4
2025-10-09 00:00:00,122844.18,123579.5,122787.49,122863.5,16435,2851,0,Hydra,H4
2025-10-09 04:00:00,122866.5,122901.5,121485.5,122162.5,24188,3050,0,Hydra,H4
2025-10-09 08:00:00,122154.5,122225.5,121149.5,121269.5,23807,2850,0,Hydra,H4
2025-10-09 12:00:00,121275.5,123830.5,121273.5,123608.5,25431,2850,0,Hydra,H4
2025-10-09 16:00:00,123610.5,123712.5,119750.19,119900.83,34440,2850,0,Hydra,H4
2025-10-09 20:00:00,119892.83,121265.14,119700.6,121144.01,24511,2850,0,Hydra,H4
2025-10-10 00:00:00,121096.58,121940.81,121053.27,121812.5,13757,2851,0,Hydra,H4
2025-10-10 04:00:00,121813.5,121954.11,120969.5,121289.17,22681,3050,0,Hydra,H4
2025-10-10 08:00:00,121288.17,121808.5,120897.03,121668.5,22661,2850,0,Hydra,H4
2025-10-10 12:00:00,121666.5,121848.32,121254.76,121636.5,20077,3250,0,Hydra,H4
2025-10-10 16:00:00,121637.5,122585.5,118199.5,118199.5,36923,2850,0,Hydra,H4
2025-10-10 20:00:00,118206.5,118447.5,112889.64,114385.93,32328,2850,0,Hydra,H4
2025-10-11 00:00:00,114308.86,115066.27,102251.77,112652.5,30814,2851,0,Hydra,H4
2025-10-11 04:00:00,112651.5,113437.5,111134.5,113090.5,37159,2850,0,Hydra,H4
2025-10-11 08:00:00,113091.5,113101.5,110154.9,111425.92,35142,2850,0,Hydra,H4
2025-10-11 12:00:00,111433.92,112604.13,111354.91,112498.05,29792,3050,0,Hydra,H4
2025-10-11 16:00:00,112499.05,112632.41,111542.25,111979.5,26377,2850,0,Hydra,H4
2025-10-11 20:00:00,111979.5,112312.43,109791.5,110343.5,31286,2850,0,Hydra,H4
2025-10-12 00:00:00,110249.41,111435.5,109679.5,109766.5,29735,2850,0,Hydra,H4
2025-10-12 04:00:00,109771.5,112027.5,109672.5,111614.5,35036,2850,0,Hydra,H4
2025-10-12 08:00:00,111613.5,112205.5,111266.5,111370.2,25022,2950,0,Hydra,H4
2025-10-12 12:00:00,111374.2,112252.33,111187.29,111835.5,29025,2850,0,Hydra,H4
2025-10-12 16:00:00,111836.5,114759.5,111198.0,114173.5,36569,2850,0,Hydra,H4
2025-10-12 20:00:00,114166.5,115555.5,113617.5,115063.5,33139,3050,0,Hydra,H4
2025-10-13 00:00:00,115008.5,116023.5,114330.5,115384.5,31648,2850,0,Hydra,H4
2025-10-13 04:00:00,115386.5,116067.5,114470.42,114780.6,32205,2891,0,Hydra,H4
2025-10-13 08:00:00,114776.6,115625.03,114477.44,115325.5,30200,3150,0,Hydra,H4
2025-10-13 12:00:00,115325.5,115341.06,113682.59,114493.17,32021,3150,0,Hydra,H4
2025-10-13 16:00:00,114494.17,115598.5,113883.87,114750.5,38463,2850,0,Hydra,H4
2025-10-13 20:00:00,114754.5,115995.5,114278.5,115689.36,31487,2851,0,Hydra,H4
2025-10-14 00:00:00,115765.47,115931.42,114945.5,115060.5,23406,2850,0,Hydra,H4
2025-10-14 04:00:00,115055.5,115098.5,112815.36,113109.5,31910,3112,0,Hydra,H4
2025-10-14 08:00:00,113102.5,113746.5,111382.62,111889.5,36601,2850,0,Hydra,H4
2025-10-14 12:00:00,111888.5,112104.5,110114.37,110854.68,35056,2850,0,Hydra,H4
2025-10-14 16:00:00,110858.68,113255.5,109923.08,112394.5,39105,2850,0,Hydra,H4
2025-10-14 20:00:00,112384.5,113600.46,111768.49,113001.5,35182,2850,0,Hydra,H4
2025-10-15 00:00:00,113059.5,113621.15,112640.5,113040.5,26939,2850,0,Hydra,H4
2025-10-15 04:00:00,113038.5,113673.5,111790.4,112383.5,30625,2853,0,Hydra,H4
2025-10-15 08:00:00,112385.5,113574.46,111930.5,113018.5,31548,2850,0,Hydra,H4
2025-10-15 12:00:00,113016.5,113204.5,111448.5,111796.5,30785,2994,0,Hydra,H4
2025-10-15 16:00:00,111791.5,112310.51,110427.46,110805.48,39265,2850,0,Hydra,H4
2025-10-15 20:00:00,110814.48,111620.25,110183.16,111180.05,32403,2850,0,Hydra,H4
2025-10-16 00:00:00,111166.1,111474.66,110388.05,110476.07,28528,2850,0,Hydra,H4
2025-10-16 04:00:00,110477.07,111903.92,110462.07,111014.47,27308,3150,0,Hydra,H4
2025-10-16 08:00:00,111014.47,111829.5,110385.5,110853.5,29285,2850,0,Hydra,H4
2025-10-16 12:00:00,110854.5,112016.5,109554.45,111554.5,30415,3007,0,Hydra,H4
2025-10-16 16:00:00,111558.5,111608.5,107591.6,109272.3,38117,3067,0,Hydra,H4
2025-10-16 20:00:00,109273.8,109308.2,107444.2,107802.1,39899,2850,0,Hydra,H4
2025-10-17 00:00:00,107876.8,108848.7,107605.1,108809.7,31042,2851,0,Hydra,H4
2025-10-17 04:00:00,108810.0,109264.0,108398.4,108801.5,29402,3146,0,Hydra,H4
2025-10-17 08:00:00,108803.4,108962.7,104469.69,104840.3,39395,2850,0,Hydra,H4
2025-10-17 12:00:00,104837.5,106554.21,103459.03,105339.04,40864,3240,0,Hydra,H4
2025-10-17 16:00:00,105340.94,107569.68,104503.0,106371.2,42029,2949,0,Hydra,H4
2025-10-17 20:00:00,106370.7,107204.1,106051.2,107014.9,35412,2851,0,Hydra,H4
2025-10-18 00:00:00,107011.82,107489.0,106339.57,106880.93,21753,2851,0,Hydra,H4
2025-10-18 04:00:00,106884.03,107349.46,106477.9,106522.36,25944,3270,0,Hydra,H4
2025-10-18 08:00:00,106512.36,107540.2,106512.36,106751.79,27652,2920,0,Hydra,H4
2025-10-18 12:00:00,106756.49,107345.3,106656.7,107100.7,23615,3489,0,Hydra,H4
2025-10-18 16:00:00,107098.2,107198.3,106474.1,106661.1,26423,3070,0,Hydra,H4
2025-10-18 20:00:00,106661.1,107368.1,106573.7,107077.1,21221,3482,0,Hydra,H4
2025-10-19 00:00:00,107021.4,107326.4,106777.0,106923.87,16729,2850,0,Hydra,H4
2025-10-19 04:00:00,106926.17,107393.39,106757.6,107072.59,19098,3058,0,Hydra,H4
2025-10-19 08:00:00,107076.09,107232.97,106239.14,106437.2,21787,2850,0,Hydra,H4
2025-10-19 12:00:00,106435.3,108281.15,106096.5,107615.0,33389,2850,0,Hydra,H4
2025-10-19 16:00:00,107686.6,108993.49,107379.1,108655.5,29920,2850,0,Hydra,H4
2025-10-19 20:00:00,108654.7,109494.12,108638.7,108875.79,24842,2850,0,Hydra,H4
2025-10-20 00:00:00,108868.44,109414.1,107440.4,108076.9,23987,2851,0,Hydra,H4
2025-10-20 04:00:00,108081.0,110560.6,107876.3,110453.3,31841,3030,0,Hydra,H4
2025-10-20 08:00:00,110463.8,111682.9,110310.0,111123.4,31221,3370,0,Hydra,H4
2025-10-20 12:00:00,111121.0,111223.3,110635.1,110861.0,27794,3410,0,Hydra,H4
2025-10-20 16:00:00,110861.1,111745.79,110129.03,110693.46,38138,3271,0,Hydra,H4
2025-10-20 20:00:00,110702.56,111305.7,109860.36,111021.1,32280,3400,0,Hydra,H4
2025-10-21 00:00:00,111059.99,111275.9,110177.3,110462.2,22165,2850,0,Hydra,H4
2025-10-21 04:00:00,110462.1,110519.2,107662.64,107809.33,31967,2949,0,Hydra,H4
2025-10-21 08:00:00,107812.83,108227.23,107479.91,107727.5,31434,3210,0,Hydra,H4
2025-10-21 12:00:00,107727.8,109522.2,107558.5,108809.04,28918,3010,0,Hydra,H4
2025-10-21 16:00:00,108814.44,114069.4,107825.84,112590.8,38454,3220,0,Hydra,H4
2025-10-21 20:00:00,112597.4,113048.72,110569.81,110929.81,35951,3330,0,Hydra,H4
2025-10-22 00:00:00,110841.92,111166.43,107868.88,108008.68,33551,2851,0,Hydra,H4
2025-10-22 04:00:00,108015.38,108732.5,107890.69,108660.8,27014,3008,0,Hydra,H4
2025-10-22 08:00:00,108664.6,108701.4,107646.89,108275.42,25207,3070,0,Hydra,H4
2025-10-22 12:00:00,108278.45,108443.4,106694.84,108088.6,31625,3390,0,Hydra,H4
2025-10-22 16:00:00,108088.6,109162.7,107517.22,108207.18,41141,3390,0,Hydra,H4
2025-10-22 20:00:00,108208.38,108432.49,107427.63,107649.7,34285,2967,0,Hydra,H4
2025-10-23 00:00:00,107674.38,107992.0,106680.91,107868.3,30336,2851,0,Hydra,H4
2025-10-23 04:00:00,107867.9,108981.5,107824.7,108669.9,24124,3390,0,Hydra,H4
2025-10-23 08:00:00,108669.0,110345.3,108638.7,109526.7,29085,3400,0,Hydra,H4
2025-10-23 12:00:00,109531.3,109728.8,108698.3,109186.2,28751,3310,0,Hydra,H4
2025-10-23 16:00:00,109186.5,110598.6,108720.59,110292.7,35547,3334,0,Hydra,H4
2025-10-23 20:00:00,110290.0,111342.7,109360.79,109428.4,27685,3245,0,Hydra,H4
2025-10-24 00:00:00,109561.23,110736.7,109369.8,110531.4,20404,2850,0,Hydra,H4
2025-10-24 04:00:00,110532.6,111520.2,110159.1,111198.5,22599,3220,0,Hydra,H4
2025-10-24 08:00:00,111193.3,111567.3,110712.89,111107.15,24028,3050,0,Hydra,H4
2025-10-24 12:00:00,111106.65,112114.0,110628.58,111334.78,21969,2851,0,Hydra,H4
2025-10-24 16:00:00,111328.78,111478.4,109693.3,110280.17,31853,3401,0,Hydra,H4
2025-10-24 20:00:00,110285.27,111030.87,110150.89,110846.2,20917,2851,0,Hydra,H4
2025-10-25 00:00:00,110881.19,111146.3,110634.14,110794.03,6248,2851,0,Hydra,H4
2025-10-25 04:00:00,110799.23,111460.89,110768.55,111241.97,13652,3410,0,Hydra,H4
2025-10-25 08:00:00,111241.47,111840.2,111085.17,111780.9,15928,3410,0,Hydra,H4
2025-10-25 12:00:00,111785.4,111963.62,111387.45,111914.66,17397,2851,0,Hydra,H4
2025-10-25 16:00:00,111926.56,111947.11,111172.1,111391.87,15950,2925,0,Hydra,H4
2025-10-25 20:00:00,111388.17,111749.56,111298.09,111471.3,9712,3410,0,Hydra,H4
2025-10-26 00:00:00,111419.43,111934.6,111335.01,111735.8,11161,2851,0,Hydra,H4
2025-10-26 04:00:00,111735.5,111860.3,111258.3,111434.9,13850,3418,0,Hydra,H4
2025-10-26 08:00:00,111428.2,111863.3,111357.4,111786.9,10609,3413,0,Hydra,H4
2025-10-26 12:00:00,111785.0,113836.9,111719.6,113585.8,25822,3410,0,Hydra,H4
2025-10-26 16:00:00,113593.5,114034.75,113256.8,113527.43,24993,3410,0,Hydra,H4
2025-10-26 20:00:00,113508.33,113789.74,113358.18,113392.71,13992,2851,0,Hydra,H4
2025-10-27 00:00:00,113322.09,115457.9,112875.28,114760.81,26518,2851,0,Hydra,H4
2025-10-27 04:00:00,114752.11,115462.7,114698.03,115271.5,21444,3430,0,Hydra,H4
2025-10-27 08:00:00,115270.0,116403.4,114881.62,115014.5,27226,3278,0,Hydra,H4
2025-10-27 12:00:00,115014.5,115556.6,114803.69,115052.77,24849,3430,0,Hydra,H4
2025-10-27 16:00:00,115050.17,115644.39,114470.5,115490.11,30899,3355,0,Hydra,H4
2025-10-27 20:00:00,115488.11,115797.8,114404.4,114522.72,22264,3430,0,Hydra,H4
2025-10-28 00:00:00,114456.58,114610.6,113757.1,113919.6,18911,2851,0,Hydra,H4
2025-10-28 04:00:00,113920.1,114524.0,113569.72,113946.9,23016,3420,0,Hydra,H4
2025-10-28 08:00:00,113951.7,114478.9,113459.0,114395.6,23465,2850,0,Hydra,H4
2025-10-28 12:00:00,114398.6,114657.52,114118.0,114444.28,20017,3423,0,Hydra,H4
2025-10-28 16:00:00,114452.78,116109.49,114208.4,115355.9,36301,3430,0,Hydra,H4
2025-10-28 20:00:00,115354.3,115622.8,112296.5,112844.8,31618,3261,0,Hydra,H4
2025-10-29 00:00:00,112788.8,113308.4,112200.8,112430.2,24564,2851,0,Hydra,H4
2025-10-29 04:00:00,112429.4,112961.4,112068.3,112816.9,23830,3439,0,Hydra,H4
2025-10-29 08:00:00,112815.8,113649.43,112800.4,113075.69,23189,3420,0,Hydra,H4
2025-10-29 12:00:00,113070.09,113344.15,112722.31,113169.11,25583,3420,0,Hydra,H4
2025-10-29 16:00:00,113169.21,113683.7,110922.7,111086.5,36991,3410,0,Hydra,H4
2025-10-29 20:00:00,111086.4,112020.05,109147.7,111396.93,37768,2850,0,Hydra,H4
2025-10-30 00:00:00,111420.95,111812.61,109711.7,110538.7,28511,2851,0,Hydra,H4
2025-10-30 04:00:00,110540.3,111005.68,107931.21,108558.42,34137,3187,0,Hydra,H4
2025-10-30 08:00:00,108549.72,111612.3,108382.44,110694.7,35308,3216,0,Hydra,H4
2025-10-30 12:00:00,110695.1,110813.0,108230.24,108353.44,34011,3400,0,Hydra,H4
2025-10-30 16:00:00,108355.44,108723.1,107292.9,108110.7,40924,3214,0,Hydra,H4
2025-10-30 20:00:00,108104.8,108129.3,106267.6,107494.1,40931,3390,0,Hydra,H4
2025-10-31 00:00:00,107484.4,109565.7,107282.6,109291.9,28312,2851,0,Hydra,H4
2025-10-31 04:00:00,109316.9,110175.7,108516.18,110043.6,36748,3320,0,Hydra,H4
2025-10-31 08:00:00,110044.2,110053.5,109101.6,110000.3,29842,3416,0,Hydra,H4
2025-10-31 12:00:00,110000.7,110649.0,109423.4,109620.8,34010,3408,0,Hydra,H4
2025-10-31 16:00:00,109622.8,111047.4,108589.75,108737.1,37386,3160,0,Hydra,H4
2025-10-31 20:00:00,108741.9,110158.6,108522.7,109396.8,35458,3400,0,Hydra,H4
2025-11-01 00:00:00,109312.3,109726.2,109212.3,109650.3,22406,2851,0,Hydra,H4
2025-11-01 04:00:00,109649.2,110457.77,109394.6,110204.45,26667,3330,0,Hydra,H4
2025-11-01 08:00:00,110207.96,110313.83,109863.0,110157.88,25440,3160,0,Hydra,H4
2025-11-01 12:00:00,110157.88,110182.47,109758.5,109958.65,24539,3400,0,Hydra,H4
2025-11-01 16:00:00,109958.65,110503.26,109646.88,110428.96,26807,3400,0,Hydra,H4
2025-11-01 20:00:00,110429.16,110485.81,110135.8,110373.63,18001,3423,0,Hydra,H4
2025-11-02 00:00:00,110393.7,110413.49,109804.3,109928.2,19956,2851,0,Hydra,H4
2025-11-02 04:00:00,109923.8,110720.6,109822.2,110606.6,24427,3195,0,Hydra,H4
2025-11-02 08:00:00,110619.8,111002.2,110232.4,110671.3,27155,3311,0,Hydra,H4
2025-11-02 12:00:00,110671.9,111210.4,110119.4,110534.0,31271,3356,0,Hydra,H4
2025-11-02 16:00:00,110542.8,110649.3,109699.55,110163.2,33826,3022,0,Hydra,H4
2025-11-02 20:00:00,110160.0,110318.1,109841.4,109949.4,24401,3400,0,Hydra,H4
2025-11-03 00:00:00,109978.4,110737.2,109349.3,109643.5,29564,2851,0,Hydra,H4
2025-11-03 04:00:00,109643.3,109762.1,107369.1,107572.6,38484,3073,0,Hydra,H4
2025-11-03 08:00:00,107573.9,107896.89,106966.33,107177.1,37267,2870,0,Hydra,H4
2025-11-03 12:00:00,107183.7,108245.2,106722.8,107886.71,33651,2850,0,Hydra,H4
2025-11-03 16:00:00,107892.31,108302.83,105251.94,107432.82,41909,2851,0,Hydra,H4
2025-11-03 20:00:00,107429.92,107558.89,106032.59,106792.1,39655,3390,0,Hydra,H4
2025-11-04 00:00:00,106876.2,107249.84,105758.0,106989.0,32530,2851,0,Hydra,H4
2025-11-04 04:00:00,106989.6,107267.2,104088.1,104147.36,36005,3330,0,Hydra,H4
2025-11-04 08:00:00,104147.26,105167.27,103555.3,103775.27,39280,3280,0,Hydra,H4
2025-11-04 12:00:00,103775.87,104645.7,103515.79,103855.0,39568,2850,0,Hydra,H4
2025-11-04 16:00:00,103856.5,104802.34,100717.9,101014.8,42543,3050,0,Hydra,H4
2025-11-04 20:00:00,101014.9,101652.19,98870.0,100173.5,42861,3060,0,Hydra,H4
2025-11-05 00:00:00,100208.4,101842.9,98931.1,100713.4,36421,2851,0,Hydra,H4
2025-11-05 04:00:00,100731.9,102344.1,100719.0,101807.8,39143,3109,0,Hydra,H4
2025-11-05 08:00:00,101804.8,102213.5,101148.66,101982.3,36105,2880,0,Hydra,H4
2025-11-05 12:00:00,101975.5,103225.7,101276.3,102957.2,35662,3160,0,Hydra,H4
2025-11-05 16:00:00,102957.6,104032.3,102141.41,103898.0,40152,3270,0,Hydra,H4
2025-11-05 20:00:00,103888.2,104528.4,103479.7,103615.3,34027,3330,0,Hydra,H4
2025-11-06 00:00:00,103659.87,104096.9,102719.79,103333.5,30746,2851,0,Hydra,H4
2025-11-06 04:00:00,103344.2,104185.16,102830.5,103127.4,35498,3370,0,Hydra,H4
2025-11-06 08:00:00,103127.9,103587.2,102793.3,102794.8,35267,3370,0,Hydra,H4
2025-11-06 12:00:00,102806.4,103588.1,102350.7,103280.5,30815,3220,0,Hydra,H4
2025-11-06 16:00:00,103277.7,103536.7,100236.2,101726.3,42661,2850,0,Hydra,H4
2025-11-06 20:00:00,101719.1,102266.5,100469.73,101059.59,39776,3060,0,Hydra,H4
2025-11-07 00:00:00,101118.55,101818.1,100682.73,101471.56,32968,2851,0,Hydra,H4
2025-11-07 04:00:00,101471.35,102482.8,101177.19,102403.9,35530,3289,0,Hydra,H4
2025-11-07 08:00:00,102408.1,102460.6,100721.78,100950.01,30800,3137,0,Hydra,H4
2025-11-07 12:00:00,100955.31,101208.25,99167.9,100276.42,39454,3050,0,Hydra,H4
2025-11-07 16:00:00,100269.82,102664.99,99422.87,102335.6,42089,3173,0,Hydra,H4
2025-11-07 20:00:00,102343.3,103878.17,102214.4,103786.51,36608,2850,0,Hydra,H4
2025-11-08 00:00:00,103864.66,104031.66,102471.65,102932.19,22134,2850,0,Hydra,H4
2025-11-08 04:00:00,102923.59,103286.56,102215.75,102247.54,31189,2850,0,Hydra,H4
2025-11-08 08:00:00,102244.54,102611.0,101835.02,102325.1,31332,2850,0,Hydra,H4
2025-11-08 12:00:00,102326.3,102578.9,101669.73,101748.32,30987,3000,0,Hydra,H4
2025-11-08 16:00:00,101753.22,102043.84,101409.36,101979.27,25821,3060,0,Hydra,H4
2025-11-08 20:00:00,101981.67,102369.19,101490.17,102257.11,20136,2880,0,Hydra,H4
2025-11-09 00:00:00,102219.4,102479.52,101603.23,102018.82,15900,2850,0,Hydra,H4
2025-11-09 04:00:00,102019.02,102119.49,101399.08,101925.28,21444,2858,0,Hydra,H4
2025-11-09 08:00:00,101920.28,102113.74,101602.2,101632.2,23202,2890,0,Hydra,H4
2025-11-09 12:00:00,101637.4,102992.67,101488.5,102905.65,27781,2850,0,Hydra,H4
2025-11-09 16:00:00,102903.55,104163.9,102748.05,103631.48,29320,2850,0,Hydra,H4
2025-11-09 20:00:00,103623.28,105066.5,103485.96,104528.12,29942,2850,0,Hydra,H4
2025-11-10 00:00:00,104516.31,106647.1,104077.77,105686.06,34186,2851,0,Hydra,H4
2025-11-10 04:00:00,105684.86,106463.9,105557.01,106085.6,31228,2850,0,Hydra,H4
2025-11-10 08:00:00,106086.0,106601.2,105810.9,106431.16,31225,3020,0,Hydra,H4
2025-11-10 12:00:00,106429.76,106586.8,105848.4,106525.7,32215,2850,0,Hydra,H4
2025-11-10 16:00:00,106525.3,106528.3,104631.98,105922.03,40316,2850,0,Hydra,H4
2025-11-10 20:00:00,105922.23,106265.33,105243.3,105559.8,33836,3020,0,Hydra,H4
2025-11-11 00:00:00,105608.5,107494.5,105332.4,106076.7,27387,2851,0,Hydra,H4
2025-11-11 04:00:00,106092.8,107120.3,105126.1,105223.6,30724,2930,0,Hydra,H4
2025-11-11 08:00:00,105219.4,105464.4,104704.99,104955.6,27971,2960,0,Hydra,H4
2025-11-11 12:00:00,104949.0,105497.5,104215.5,104396.5,24628,2950,0,Hydra,H4
2025-11-11 16:00:00,104396.5,104652.5,102802.5,103278.5,34307,2950,0,Hydra,H4
2025-11-11 20:00:00,103286.5,103525.5,102427.5,102665.5,31817,2850,0,Hydra,H4
2025-11-12 00:00:00,102621.41,103339.5,102490.5,103204.5,25722,2850,0,Hydra,H4
2025-11-12 04:00:00,103211.5,103446.5,102903.5,103368.5,18534,3150,0,Hydra,H4
2025-11-12 08:00:00,103368.5,105083.5,103027.5,104495.5,22390,2850,0,Hydra,H4
2025-11-12 12:00:00,104497.5,105322.5,104479.5,105019.5,26011,2950,0,Hydra,H4
2025-11-12 16:00:00,105012.5,105013.5,101282.5,101717.5,37720,2850,0,Hydra,H4
2025-11-12 20:00:00,101719.5,101937.5,100697.5,101867.5,30062,2850,0,Hydra,H4
2025-11-13 00:00:00,101907.97,102596.5,101411.5,101996.5,24275,2850,0,Hydra,H4
2025-11-13 04:00:00,102000.5,103378.5,100893.5,103122.5,28986,2950,0,Hydra,H4
2025-11-13 08:00:00,103119.5,104038.5,102512.5,102799.5,29347,2850,0,Hydra,H4
2025-11-13 12:00:00,102799.5,103260.5,102109.5,102295.5,28026,2850,0,Hydra,H4
2025-11-13 16:00:00,102304.5,103433.5,99546.5,99589.5,39014,2850,0,Hydra,H4
2025-11-13 20:00:00,99597.5,99856.5,97889.5,98780.5,35941,2850,0,Hydra,H4
2025-11-14 00:00:00,98707.5,100435.5,98635.5,99214.5,27801,2850,0,Hydra,H4
2025-11-14 04:00:00,99214.5,99830.5,96648.5,97497.5,31470,2850,0,Hydra,H4
2025-11-14 08:00:00,97501.5,97679.5,95872.88,96782.5,35135,2850,0,Hydra,H4
2025-11-14 12:00:00,96782.5,97253.5,94453.5,95134.5,35691,2850,0,Hydra,H4
2025-11-14 16:00:00,95138.5,97342.5,94824.5,95763.5,38811,2850,0,Hydra,H4
2025-11-14 20:00:00,95778.5,96266.5,94113.5,95002.5,33648,3050,0,Hydra,H4
2025-11-15 00:00:00,94985.17,95692.5,93928.5,95565.5,25452,2850,0,Hydra,H4
2025-11-15 04:00:00,95574.5,96747.5,95308.5,96281.5,24016,2850,0,Hydra,H4
2025-11-15 08:00:00,96282.5,96522.5,95555.5,95713.5,25781,2850,0,Hydra,H4
2025-11-15 12:00:00,95713.5,96314.5,95481.5,96302.5,25424,3150,0,Hydra,H4
2025-11-15 16:00:00,96301.5,96405.5,95643.5,96164.5,27053,2950,0,Hydra,H4
2025-11-15 20:00:00,96164.5,96284.5,95042.5,95193.5,21962,2850,0,Hydra,H4
2025-11-16 00:00:00,95233.45,95639.5,94766.5,95195.5,21535,2850,0,Hydra,H4
2025-11-16 04:00:00,95196.5,96119.5,95022.5,95801.5,22064,2850,0,Hydra,H4
2025-11-16 08:00:00,95803.5,96558.5,95651.84,96538.5,21876,2950,0,Hydra,H4
2025-11-16 12:00:00,96539.5,96539.5,95048.5,95350.5,26638,2850,0,Hydra,H4
2025-11-16 16:00:00,95349.5,95614.5,93714.5,94295.5,31192,2850,0,Hydra,H4
2025-11-16 20:00:00,94295.5,95490.58,93288.5,93442.5,31990,2850,0,Hydra,H4
2025-11-17 00:00:00,93433.5,95440.5,92869.5,94723.5,34492,2850,0,Hydra,H4
2025-11-17 04:00:00,94717.5,95518.5,94645.5,95061.5,25333,2850,0,Hydra,H4
2025-11-17 08:00:00,95062.5,95956.5,94808.5,95559.5,25423,2850,0,Hydra,H4
2025-11-17 12:00:00,95560.5,95855.5,93482.5,93867.5,30186,2850,0,Hydra,H4
2025-11-17 16:00:00,93868.5,95929.5,92559.5,92650.5,41572,2850,0,Hydra,H4
2025-11-17 20:00:00,92656.5,93101.5,91137.5,91779.5,38543,2850,0,Hydra,H4
2025-11-18 00:00:00,91804.5,92270.5,91083.5,91613.5,33376,2850,0,Hydra,H4
2025-11-18 04:00:00,91591.5,91626.5,89148.5,90100.5,39506,2850,0,Hydra,H4
2025-11-18 08:00:00,90095.5,91361.62,89191.5,91283.5,36074,2850,0,Hydra,H4
2025-11-18 12:00:00,91275.5,91769.5,90811.5,91370.5,32840,2950,0,Hydra,H4
2025-11-18 16:00:00,91370.5,93757.5,90895.5,93207.5,38629,2850,0,Hydra,H4
2025-11-18 20:00:00,93199.5,93717.5,92387.5,92467.5,27726,2950,0,Hydra,H4
2025-11-19 00:00:00,92446.72,93369.5,91858.5,92387.5,26631,2850,0,Hydra,H4
2025-11-19 04:00:00,92382.5,92795.5,89938.5,90384.5,32018,2950,0,Hydra,H4
2025-11-19 08:00:00,90385.5,91953.5,90194.5,91469.5,33647,2850,0,Hydra,H4
2025-11-19 12:00:00,91458.5,91837.5,91126.5,91327.5,32481,2850,0,Hydra,H4
2025-11-19 16:00:00,91331.5,92339.5,88774.5,89406.5,41115,2850,0,Hydra,H4
2025-11-19 20:00:00,89397.5,90740.5,88474.5,90573.5,38157,2850,0,Hydra,H4
2025-11-20 00:00:00,90496.5,92620.5,90006.5,92501.5,25993,2850,0,Hydra,H4
2025-11-20 04:00:00,92506.5,93073.5,92048.5,92532.5,26711,2850,0,Hydra,H4
2025-11-20 08:00:00,92531.5,92780.5,91324.5,91799.5,28090,2850,0,Hydra,H4
2025-11-20 12:00:00,91797.5,92409.5,91333.5,91449.5,28615,2850,0,Hydra,H4
2025-11-20 16:00:00,91450.5,91590.5,86262.5,87128.5,41086,2850,0,Hydra,H4
2025-11-20 20:00:00,87135.5,87675.5,85950.5,87180.5,35654,2851,0,Hydra,H4
2025-11-21 00:00:00,87163.5,88141.5,86447.5,86932.5,32159,2850,0,Hydra,H4
2025-11-21 04:00:00,86927.5,86972.5,85229.42,86087.5,37077,2850,0,Hydra,H4
2025-11-21 08:00:00,86079.5,86157.5,81566.5,82105.5,37544,2850,0,Hydra,H4
2025-11-21 12:00:00,82084.5,84345.5,80526.5,84009.5,38958,2850,0,Hydra,H4
2025-11-21 16:00:00,84008.5,85494.5,82226.5,84798.5,40096,2850,0,Hydra,H4
2025-11-21 20:00:00,84799.5,85346.5,83232.5,85084.5,37182,2850,0,Hydra,H4
2025-11-22 00:00:00,85139.83,85357.57,84042.5,85084.5,2303,2850,0,Hydra,H4
2025-11-22 04:00:00,85088.5,85138.5,83751.5,84205.5,29168,2850,0,Hydra,H4
2025-11-22 08:00:00,84207.5,84725.5,83797.5,83860.5,29403,2850,0,Hydra,H4
2025-11-22 12:00:00,83861.5,84275.5,83434.5,83883.5,28304,2850,0,Hydra,H4
2025-11-22 16:00:00,83883.5,84826.5,83862.5,84475.5,30070,2850,0,Hydra,H4
2025-11-22 20:00:00,84476.5,84738.5,84162.5,84322.5,23422,2850,0,Hydra,H4
2025-11-23 00:00:00,84332.5,86048.5,84178.5,85804.5,25284,2850,0,Hydra,H4
2025-11-23 04:00:00,85807.5,86788.5,85614.5,86299.5,30770,2850,0,Hydra,H4
2025-11-23 08:00:00,86300.5,86456.5,85316.5,86352.5,25478,3050,0,Hydra,H4
2025-11-23 12:00:00,86348.5,86891.5,85778.5,86883.5,27066,2950,0,Hydra,H4
2025-11-23 16:00:00,86883.5,87457.5,86390.5,86697.5,29986,2850,0,Hydra,H4
2025-11-23 20:00:00,86701.5,87980.5,86666.5,87968.5,24943,3126,0,Hydra,H4
2025-11-24 00:00:00,87953.12,88067.47,85900.5,87030.5,30861,2850,0,Hydra,H4
2025-11-24 04:00:00,87025.5,88013.5,86391.5,87423.5,34240,2850,0,Hydra,H4
2025-11-24 08:00:00,87414.5,87475.5,85750.5,85894.5,33334,2850,0,Hydra,H4
2025-11-24 12:00:00,85892.5,86520.5,85626.5,86082.5,31136,2850,0,Hydra,H4
2025-11-24 16:00:00,86081.5,88431.24,85193.5,88342.5,36478,2998,0,Hydra,H4
2025-11-24 20:00:00,88337.5,89208.5,88098.5,88807.5,26471,2850,0,Hydra,H4
2025-11-25 00:00:00,88731.45,89075.5,87675.5,87703.5,24190,2850,0,Hydra,H4
2025-11-25 04:00:00,87703.5,88491.5,87423.5,88088.5,26546,2850,0,Hydra,H4
2025-11-25 08:00:00,88090.5,88131.5,86663.5,87226.5,24713,2850,0,Hydra,H4
2025-11-25 12:00:00,87226.5,87761.5,86839.5,87060.5,23594,2950,0,Hydra,H4
2025-11-25 16:00:00,87062.5,88117.5,86068.5,87576.5,32342,2850,0,Hydra,H4
2025-11-25 20:00:00,87573.5,87793.5,86110.5,87005.5,25104,2850,0,Hydra,H4
2025-11-26 00:00:00,87019.86,88198.5,86370.5,87888.5,22723,2850,0,Hydra,H4
2025-11-26 04:00:00,87886.5,88066.5,86834.5,87493.5,19868,3150,0,Hydra,H4
2025-11-26 08:00:00,87490.5,87947.5,86707.5,86802.5,21324,3150,0,Hydra,H4
2025-11-26 12:00:00,86802.5,87156.5,86268.5,87103.5,21215,3150,0,Hydra,H4
2025-11-26 16:00:00,87103.5,89957.5,86655.5,89812.5,29910,2850,0,Hydra,H4
2025-11-26 20:00:00,89812.5,90451.5,89492.5,90171.5,23739,2850,0,Hydra,H4
2025-11-27 00:00:00,90177.5,91220.5,90036.5,91133.5,18348,2850,0,Hydra,H4
2025-11-27 04:00:00,91130.5,91884.5,90848.5,90960.5,23432,3150,0,Hydra,H4
2025-11-27 08:00:00,90963.5,91935.8,90955.5,91569.5,19190,2700,0,Hydra,H4
2025-11-27 12:00:00,91567.5,91739.5,90442.5,90850.5,18401,3134,0,Hydra,H4
2025-11-27 16:00:00,90851.5,91629.5,90563.5,91468.5,23034,2850,0,Hydra,H4
2025-11-27 20:00:00,91454.5,91828.5,91182.5,91413.5,18173,2850,0,Hydra,H4
2025-11-28 00:00:00,91388.5,91584.5,90763.5,90778.5,15778,2851,0,Hydra,H4
2025-11-28 04:00:00,90778.5,91705.5,90637.5,91596.5,17578,3050,0,Hydra,H4
2025-11-28 08:00:00,91593.5,91857.5,90847.5,91598.5,19389,3150,0,Hydra,H4
2025-11-28 12:00:00,91597.5,92598.5,91036.5,92361.5,22450,3150,0,Hydra,H4
2025-11-28 16:00:00,92361.5,93044.5,90215.5,90616.5,31677,2850,0,Hydra,H4
2025-11-28 20:00:00,90677.5,91272.5,90441.5,90922.5,18414,3150,0,Hydra,H4
2025-11-29 00:00:00,90897.5,91211.5,90665.5,90900.5,15350,2850,0,Hydra,H4
2025-11-29 04:00:00,90909.5,90966.5,90560.18,90756.5,10742,3150,0,Hydra,H4
2025-11-29 08:00:00,90758.5,90846.5,90339.5,90598.5,15122,3150,0,Hydra,H4
2025-11-29 12:00:00,90598.5,90840.5,90394.7,90805.5,13482,3150,0,Hydra,H4
2025-11-29 16:00:00,90806.5,91204.5,90459.5,90468.5,17232,3050,0,Hydra,H4
2025-11-29 20:00:00,90466.5,91070.5,90169.5,91023.5,18585,3150,0,Hydra,H4
2025-11-30 00:00:00,90996.18,91073.5,90701.5,90925.5,16181,2851,0,Hydra,H4
2025-11-30 04:00:00,90922.5,91056.5,90480.5,90801.5,15538,3050,0,Hydra,H4
2025-11-30 08:00:00,90798.5,91634.5,90729.22,91412.5,16937,3150,0,Hydra,H4
2025-11-30 12:00:00,91408.5,91977.5,90981.5,91758.5,17069,3050,0,Hydra,H4
2025-11-30 16:00:00,91755.5,91869.5,91267.5,91494.5,17221,3150,0,Hydra,H4
2025-11-30 20:00:00,91494.5,91632.5,90900.5,91172.5,12866,2850,0,Hydra,H4
2025-12-01 00:00:00,91181.5,91362.5,86928.5,87186.5,26137,2851,0,Hydra,H4
2025-12-01 04:00:00,87185.5,87507.5,85579.5,86005.5,28851,2850,0,Hydra,H4
2025-12-01 08:00:00,86005.5,86950.5,85970.5,86700.5,22649,3150,0,Hydra,H4
2025-12-01 12:00:00,86701.5,86811.5,84680.5,85974.5,26531,2850,0,Hydra,H4
2025-12-01 16:00:00,85967.5,86677.5,83787.5,84941.5,34318,2850,0,Hydra,H4
2025-12-01 20:00:00,84926.5,86509.06,84588.5,86420.5,29886,2950,0,Hydra,H4
2025-12-02 00:00:00,86442.79,87353.26,86195.5,86444.5,18041,2851,0,Hydra,H4
2025-12-02 04:00:00,86444.5,87281.5,86207.5,87002.5,24409,3150,0,Hydra,H4
2025-12-02 08:00:00,87003.5,87188.5,86338.5,86758.5,22506,2950,0,Hydra,H4
2025-12-02 12:00:00,86758.5,87885.5,86749.5,87733.5,23686,3150,0,Hydra,H4
2025-12-02 16:00:00,87731.5,92038.0,87601.5,91485.5,35134,2850,0,Hydra,H4
2025-12-02 20:00:00,91484.5,92343.5,90746.5,91609.5,20287,2950,0,Hydra,H4
2025-12-03 00:00:00,91549.92,92500.5,91007.5,92272.5,18743,2850,0,Hydra,H4
2025-12-03 04:00:00,92273.5,93687.5,92172.5,93666.5,30004,2850,0,Hydra,H4
2025-12-03 08:00:00,93664.5,93993.5,92708.5,93205.5,22510,3150,0,Hydra,H4
2025-12-03 12:00:00,93202.5,93427.5,92680.5,93158.5,22359,3150,0,Hydra,H4
2025-12-03 16:00:00,93176.5,93704.5,91672.5,92982.5,34994,2850,0,Hydra,H4
2025-12-03 20:00:00,92979.5,93698.5,92333.5,93676.5,21470,2850,0,Hydra,H4
2025-12-04 00:00:00,93703.5,94174.34,92687.5,93224.5,20538,2851,0,Hydra,H4
2025-12-04 04:00:00,93223.5,94105.5,92784.5,92988.5,24529,2850,0,Hydra,H4
2025-12-04 08:00:00,92988.5,93627.5,92854.5,93457.5,12947,2851,0,Hydra,H4
2025-12-04 12:00:00,93477.5,93578.5,92426.5,92531.5,25021,2851,0,Hydra,H4
2025-12-04 16:00:00,92537.5,93275.5,91775.5,92456.5,31045,2850,0,Hydra,H4
2025-12-04 20:00:00,92449.5,92746.5,90911.5,92160.5,26858,2851,0,Hydra,H4
2025-12-05 00:00:00,92145.73,92627.5,91985.5,92380.5,18006,2850,0,Hydra,H4
2025-12-05 04:00:00,92380.5,92724.5,91810.5,91960.5,22902,3150,0,Hydra,H4
2025-12-05 08:00:00,91960.5,92529.5,90936.5,91134.5,22197,2850,0,Hydra,H4
2025-12-05 12:00:00,91134.5,91587.5,90253.5,90476.5,25598,2950,0,Hydra,H4
2025-12-05 16:00:00,90487.54,91453.5,88054.5,89355.5,34121,2950,0,Hydra,H4
2025-12-05 20:00:00,89355.5,89839.5,88823.5,89147.5,24788,3050,0,Hydra,H4
2025-12-06 00:00:00,89165.17,89498.5,88900.43,89336.5,8359,2851,0,Hydra,H4
2025-12-06 04:00:00,89340.5,89809.5,89168.5,89623.5,10581,2850,0,Hydra,H4
2025-12-06 08:00:00,89611.5,89775.5,89242.5,89588.5,16559,2850,0,Hydra,H4
2025-12-06 12:00:00,89588.5,89791.5,89472.5,89671.5,14946,2950,0,Hydra,H4
2025-12-06 16:00:00,89664.5,90279.5,89504.34,89726.5,20383,3150,0,Hydra,H4
2025-12-06 20:00:00,89729.5,89816.5,89244.5,89453.5,15520,2850,0,Hydra,H4
2025-12-07 00:00:00,89407.77,89605.5,88922.1,89302.5,15746,2851,0,Hydra,H4
2025-12-07 04:00:00,89303.5,89801.5,89303.5,89515.5,13353,3150,0,Hydra,H4
2025-12-07 08:00:00,89515.5,89743.5,89052.5,89102.5,16403,3150,0,Hydra,H4
2025-12-07 12:00:00,89102.5,89607.1,88613.0,89040.5,18364,3150,0,Hydra,H4
2025-12-07 16:00:00,89042.5,91300.5,87697.5,90972.5,29780,2850,0,Hydra,H4
2025-12-07 20:00:00,90967.5,91791.3,89856.5,90109.5,19754,3050,0,Hydra,H4
2025-12-08 00:00:00,90218.81,91717.5,88918.5,90931.5,28760,2850,0,Hydra,H4
2025-12-08 04:00:00,90931.5,91498.5,90806.5,91337.5,23743,3050,0,Hydra,H4
2025-12-08 08:00:00,91332.5,92295.5,91245.5,91924.5,22990,3150,0,Hydra,H4
2025-12-08 12:00:00,91920.5,92235.5,91258.5,91462.5,22652,3050,0,Hydra,H4
2025-12-08 16:00:00,91461.5,91754.5,89605.5,90261.5,30047,2850,0,Hydra,H4
2025-12-08 20:00:00,90261.5,91397.5,89704.5,91391.5,22861,2950,0,Hydra,H4
2025-12-09 00:00:00,91303.5,91361.18,89971.5,90073.5,19164,2850,0,Hydra,H4
2025-12-09 04:00:00,90074.5,90532.5,89506.5,89910.5,16759,3150,0,Hydra,H4
2025-12-09 08:00:00,89911.5,90600.5,89780.5,90148.5,17436,3150,0,Hydra,H4
2025-12-09 12:00:00,90148.5,90838.5,89898.5,90438.5,18684,3150,0,Hydra,H4
2025-12-09 16:00:00,90436.5,94614.5,90001.5,93921.5,29123,3150,0,Hydra,H4
2025-12-09 20:00:00,93926.5,94204.5,92248.5,92698.5,22354,2850,0,Hydra,H4
2025-12-10 00:00:00,92627.5,93038.5,91963.5,92321.5,19321,2850,0,Hydra,H4
2025-12-10 04:00:00,92320.5,92749.5,92023.5,92561.5,15334,3150,0,Hydra,H4
2025-12-10 08:00:00,92562.5,92965.5,92406.5,92928.5,15663,3150,0,Hydra,H4
2025-12-10 12:00:00,92925.5,93228.5,91772.5,92093.5,22286,3150,0,Hydra,H4
2025-12-10 16:00:00,92094.5,92603.5,91557.5,92392.5,28070,2850,0,Hydra,H4
2025-12-10 20:00:00,92387.5,94504.5,91692.5,92350.5,28918,2850,0,Hydra,H4
2025-12-11 00:00:00,92380.5,92728.5,90657.5,90693.5,21963,2851,0,Hydra,H4
2025-12-11 04:00:00,90692.5,90694.5,89383.98,90334.5,25412,3150,0,Hydra,H4
2025-12-11 08:00:00,90329.5,90526.5,89969.5,90250.5,18626,3050,0,Hydra,H4
2025-12-11 12:00:00,90251.5,90437.5,89851.5,90103.5,18126,3050,0,Hydra,H4
2025-12-11 16:00:00,90108.5,90655.5,89257.5,89985.5,28437,3150,0,Hydra,H4
2025-12-11 20:00:00,89968.5,93586.5,89876.5,92920.5,24854,3150,0,Hydra,H4
2025-12-12 00:00:00,92880.5,93169.15,91444.5,92188.5,18895,2850,0,Hydra,H4
2025-12-12 04:00:00,92189.5,92783.5,91946.5,92461.5,15127,3050,0,Hydra,H4
2025-12-12 08:00:00,92457.5,92744.5,92077.5,92527.5,14640,3150,0,Hydra,H4
2025-12-12 12:00:00,92528.5,92659.5,92074.5,92324.5,13922,2950,0,Hydra,H4
2025-12-12 16:00:00,92324.5,92693.18,89474.5,90103.5,31153,2850,0,Hydra,H4
2025-12-12 20:00:00,90101.5,90686.5,89876.5,90195.5,22658,2850,0,Hydra,H4
2025-12-13 00:00:00,90193.5,90449.5,90074.5,90231.5,7354,2850,0,Hydra,H4
2025-12-13 04:00:00,90232.5,90478.5,90199.5,90343.5,7303,3150,0,Hydra,H4
2025-12-13 08:00:00,90343.5,90583.5,90272.5,90434.5,8211,2850,0,Hydra,H4
2025-12-13 12:00:00,90442.5,90642.5,90207.5,90272.5,11263,2851,0,Hydra,H4
2025-12-13 16:00:00,90270.5,90361.5,89958.5,90075.5,11254,2950,0,Hydra,H4
2025-12-13 20:00:00,90084.5,90245.5,89786.78,90174.5,8543,3150,0,Hydra,H4
2025-12-14 00:00:00,90185.5,90488.5,89897.5,90316.5,9728,2850,0,Hydra,H4
2025-12-14 04:00:00,90316.5,90419.5,90055.5,90211.5,7986,2950,0,Hydra,H4
2025-12-14 08:00:00,90209.5,90307.5,89996.5,90043.5,6548,3150,0,Hydra,H4
2025-12-14 12:00:00,90045.5,90146.5,88634.26,89496.5,20477,2859,0,Hydra,H4
2025-12-14 16:00:00,89504.5,89560.5,88503.66,88822.5,20065,2850,0,Hydra,H4
2025-12-14 20:00:00,88822.5,89084.5,88328.5,88470.5,16086,2950,0,Hydra,H4
2025-12-15 00:00:00,88431.34,89361.5,87553.5,89257.5,21557,2850,0,Hydra,H4
2025-12-15 04:00:00,89257.5,90036.5,89224.5,89627.5,17486,3050,0,Hydra,H4
2025-12-15 08:00:00,89632.5,90001.9,89475.5,89863.5,15852,3050,0,Hydra,H4
2025-12-15 12:00:00,89863.5,89989.5,89273.5,89418.5,15498,3150,0,Hydra,H4
2025-12-15 16:00:00,89423.5,89880.5,85556.5,85749.5,33493,2850,0,Hydra,H4
2025-12-15 20:00:00,85748.5,86536.5,85092.5,86200.5,28225,2950,0,Hydra,H4
2025-12-16 00:00:00,86206.81,86517.6,85641.5,85871.5,20558,2851,0,Hydra,H4
2025-12-16 04:00:00,85874.5,86210.5,85226.5,86016.5,22076,2850,0,Hydra,H4
2025-12-16 08:00:00,86020.5,86601.5,85810.5,86330.5,19025,2850,0,Hydra,H4
2025-12-16 12:00:00,86331.5,87742.5,86245.5,86455.5,21898,2851,0,Hydra,H4
2025-12-16 16:00:00,86413.5,88149.5,86064.5,87118.5,31625,2850,0,Hydra,H4
2025-12-16 20:00:00,87112.5,88001.5,87033.5,87752.5,19608,3150,0,Hydra,H4
2025-12-17 00:00:00,87715.5,87927.5,87387.5,87518.5,13992,2850,0,Hydra,H4
2025-12-17 04:00:00,87519.5,87597.5,86178.5,86602.5,19078,3050,0,Hydra,H4
2025-12-17 08:00:00,86604.5,87105.5,86183.5,86376.5,18631,3150,0,Hydra,H4
2025-12-17 12:00:00,86375.5,87813.5,86179.5,87583.5,18302,2850,0,Hydra,H4
2025-12-17 16:00:00,87583.5,90332.5,86104.5,86384.5,33253,2850,0,Hydra,H4
2025-12-17 20:00:00,86399.5,86802.5,85256.5,85940.5,24035,2850,0,Hydra,H4
2025-12-18 00:00:00,85973.8,86398.5,85672.5,86090.5,16388,2851,0,Hydra,H4
2025-12-18 04:00:00,86092.5,86878.5,85963.5,86405.5,16047,2950,0,Hydra,H4
2025-12-18 08:00:00,86404.5,87363.5,86368.5,87239.5,17838,3150,0,Hydra,H4
2025-12-18 12:00:00,87238.5,89158.5,87007.5,88797.5,19808,3150,0,Hydra,H4
2025-12-18 16:00:00,88797.5,89424.5,85413.5,86422.5,33407,2850,0,Hydra,H4
2025-12-18 20:00:00,86427.5,86825.5,84367.5,85580.5,27799,2950,0,Hydra,H4
2025-12-19 00:00:00,85597.2,85685.5,85045.5,85260.5,15659,2851,0,Hydra,H4
2025-12-19 04:00:00,85260.5,87514.5,85069.5,87073.5,24194,2950,0,Hydra,H4
2025-12-19 08:00:00,87072.5,88334.5,86840.5,88050.5,21570,2850,0,Hydra,H4
2025-12-19 12:00:00,88048.5,88335.5,87747.5,87935.5,19657,3050,0,Hydra,H4
2025-12-19 16:00:00,87935.5,89340.34,86764.5,86880.5,29195,2850,0,Hydra,H4
2025-12-19 20:00:00,86873.5,88312.5,86768.5,87737.5,21603,2950,0,Hydra,H4
2025-12-20 00:00:00,87779.88,88371.33,87779.88,88024.5,7825,2851,0,Hydra,H4
2025-12-20 04:00:00,88024.5,88521.3,87912.5,88257.06,10825,2950,0,Hydra,H4
2025-12-20 08:00:00,88257.3,88398.5,88134.5,88180.5,9058,3150,0,Hydra,H4
2025-12-20 12:00:00,88179.5,88285.5,87762.5,88217.5,9132,2850,0,Hydra,H4
2025-12-20 16:00:00,88217.5,88224.5,87942.5,88138.5,9014,2950,0,Hydra,H4
2025-12-20 20:00:00,88140.5,88377.5,88085.5,88149.5,6657,3150,0,Hydra,H4
2025-12-21 00:00:00,88122.5,88375.5,87981.5,87985.5,9316,2850,0,Hydra,H4
2025-12-21 04:00:00,87986.5,88114.5,87821.5,88094.5,7919,2950,0,Hydra,H4
2025-12-21 08:00:00,88095.5,89030.5,87999.5,88849.5,11424,3150,0,Hydra,H4
2025-12-21 12:00:00,88849.5,88927.5,87555.1,87650.5,18550,3150,0,Hydra,H4
2025-12-21 16:00:00,87646.5,88446.5,87595.02,88277.5,14189,2850,0,Hydra,H4
2025-12-21 20:00:00,88275.5,88571.5,87905.7,88129.5,9929,3150,0,Hydra,H4
2025-12-22 00:00:00,88119.49,89595.5,88034.5,88589.5,19379,2850,0,Hydra,H4
2025-12-22 04:00:00,88588.5,89019.5,87811.5,88799.5,19124,2850,0,Hydra,H4
2025-12-22 08:00:00,88801.5,89877.5,88694.5,89783.5,18703,3050,0,Hydra,H4
2025-12-22 12:00:00,89785.5,90545.5,89553.5,89885.5,19644,2850,0,Hydra,H4
2025-12-22 16:00:00,89886.5,90397.5,89016.5,89262.5,29033,2850,0,Hydra,H4
2025-12-22 20:00:00,89261.5,89491.5,87851.5,88218.5,22366,3050,0,Hydra,H4
2025-12-23 00:00:00,88220.5,88895.5,88039.5,88457.5,15727,2851,0,Hydra,H4
2025-12-23 04:00:00,88457.5,88714.5,87537.5,87712.5,19921,3150,0,Hydra,H4
2025-12-23 08:00:00,87713.5,87731.5,86954.5,87467.5,19823,2950,0,Hydra,H4
2025-12-23 12:00:00,87467.5,87914.5,87333.5,87565.5,16460,3050,0,Hydra,H4
2025-12-23 16:00:00,87565.5,88252.5,86543.5,87111.5,27378,3150,0,Hydra,H4
2025-12-23 20:00:00,87113.5,88314.5,87107.5,87650.5,19693,2950,0,Hydra,H4
2025-12-24 00:00:00,87692.85,87785.5,87113.5,87568.5,15510,2850,0,Hydra,H4
2025-12-24 04:00:00,87568.5,87610.5,86724.5,86890.5,16968,2950,0,Hydra,H4
2025-12-24 08:00:00,86898.5,87118.5,86649.5,86732.5,13972,3050,0,Hydra,H4
2025-12-24 12:00:00,86732.5,87439.5,86730.5,87227.5,14659,3050,0,Hydra,H4
2025-12-24 16:00:00,87233.5,87615.7,86323.5,87234.5,25672,3050,0,Hydra,H4
2025-12-24 20:00:00,87239.5,87726.5,87147.5,87589.5,11140,3150,0,Hydra,H4
2025-12-26 00:00:00,87844.76,87859.5,86805.5,87359.5,18660,2851,0,Hydra,H4
2025-12-26 04:00:00,87359.5,89346.5,87341.5,88905.5,21642,2850,0,Hydra,H4
2025-12-26 08:00:00,88914.5,89500.5,88247.5,88754.5,18208,2850,0,Hydra,H4
2025-12-26 12:00:00,88750.5,89002.5,88446.5,88928.5,13670,2850,0,Hydra,H4
2025-12-26 16:00:00,88938.5,89005.36,86527.5,87240.5,26948,2850,0,Hydra,H4
2025-12-26 20:00:00,87239.5,87725.5,87041.5,87396.5,15302,2850,0,Hydra,H4
2025-12-27 00:00:00,87409.97,87523.5,87174.5,87413.5,7904,2851,0,Hydra,H4
2025-12-27 04:00:00,87414.5,87470.5,87312.5,87444.5,6675,3150,0,Hydra,H4
2025-12-27 08:00:00,87446.5,87642.5,87342.5,87555.5,8924,3150,0,Hydra,H4
2025-12-27 12:00:00,87553.5,87586.5,87269.5,87401.5,9039,3150,0,Hydra,H4
2025-12-27 16:00:00,87402.5,87546.5,87345.5,87498.5,6392,3150,0,Hydra,H4
2025-12-27 20:00:00,87500.5,87614.5,87385.5,87598.5,4295,2950,0,Hydra,H4
2025-12-28 00:00:00,87611.89,87902.5,87425.5,87717.5,10343,2851,0,Hydra,H4
2025-12-28 04:00:00,87704.5,87821.5,87525.5,87583.5,6331,3150,0,Hydra,H4
2025-12-28 08:00:00,87586.5,87916.88,87566.5,87739.5,7340,3150,0,Hydra,H4
2025-12-28 12:00:00,87738.5,87926.5,87710.74,87817.5,9210,3150,0,Hydra,H4
2025-12-28 16:00:00,87816.5,88028.7,87655.5,87670.5,8399,3150,0,Hydra,H4
2025-12-28 20:00:00,87679.5,87681.5,87342.5,87474.5,9651,3150,0,Hydra,H4
2025-12-29 00:00:00,87527.7,88385.5,87353.5,88348.5,15407,2850,0,Hydra,H4
2025-12-29 04:00:00,88347.5,90292.5,88347.5,89873.5,19742,2950,0,Hydra,H4
2025-12-29 08:00:00,89880.5,90032.5,87653.5,87998.5,16110,3050,0,Hydra,H4
2025-12-29 12:00:00,88000.5,88153.5,86685.5,87267.5,17747,3150,0,Hydra,H4
2025-12-29 16:00:00,87265.5,88082.5,87086.5,87753.5,21254,2851,0,Hydra,H4
2025-12-29 20:00:00,87749.5,87909.5,86952.5,87207.5,12700,3150,0,Hydra,H4
2025-12-30 00:00:00,87320.97,87320.97,86928.5,87186.5,8230,2851,0,Hydra,H4
2025-12-30 04:00:00,87200.5,87387.5,86700.5,87147.5,13235,2950,0,Hydra,H4
2025-12-30 08:00:00,87147.5,88100.5,87116.5,87870.5,13799,3150,0,Hydra,H4
2025-12-30 12:00:00,87874.5,88084.5,87633.5,87996.5,12279,2850,0,Hydra,H4
2025-12-30 16:00:00,87995.5,89314.5,87705.5,88289.5,24857,2850,0,Hydra,H4
2025-12-30 20:00:00,88284.5,88416.5,87729.5,88170.5,14694,3127,0,Hydra,H4
2025-12-31 00:00:00,88217.01,88707.5,88057.5,88549.5,11656,2851,0,Hydra,H4
2025-12-31 04:00:00,88548.5,88718.5,88206.5,88331.5,11640,3050,0,Hydra,H4
2025-12-31 08:00:00,88331.5,88620.5,88252.5,88545.5,7847,2700,0,Hydra,H4
2025-12-31 12:00:00,88542.5,88955.5,88534.5,88870.5,12561,2850,0,Hydra,H4
2025-12-31 16:00:00,88871.5,89084.5,87213.5,87479.5,20971,3150,0,Hydra,H4
2025-12-31 20:00:00,87479.5,87860.5,87062.5,87636.5,10520,3050,0,Hydra,H4
2026-01-02 00:00:00,88281.21,88804.5,88148.5,88529.5,13332,2851,0,Hydra,H4
2026-01-02 04:00:00,88530.5,89027.5,88262.5,88642.5,12962,3150,0,Hydra,H4
2026-01-02 08:00:00,88642.5,89398.54,88605.5,89359.5,13492,2950,0,Hydra,H4
2026-01-02 12:00:00,89358.5,89831.5,89175.5,89250.5,14290,3050,0,Hydra,H4
2026-01-02 16:00:00,89250.5,90941.5,88342.5,90329.5,29964,2850,0,Hydra,H4
2026-01-02 20:00:00,90333.5,90525.5,89473.5,89999.5,18157,2850,0,Hydra,H4
2026-01-03 00:00:00,89998.5,90329.31,89785.5,90222.5,5111,2850,0,Hydra,H4
2026-01-03 04:00:00,90220.5,90435.5,89862.5,89986.5,9386,3150,0,Hydra,H4
2026-01-03 08:00:00,89987.5,90086.5,89274.5,89739.5,14734,2850,0,Hydra,H4
2026-01-03 12:00:00,89747.5,89989.5,89587.5,89947.5,8890,2850,0,Hydra,H4
2026-01-03 16:00:00,89947.5,90182.5,89828.5,90038.5,8966,2850,0,Hydra,H4
2026-01-03 20:00:00,90041.5,90688.5,89948.5,90488.5,6932,3150,0,Hydra,H4
2026-01-04 00:00:00,90511.06,91535.1,90425.5,91186.5,16144,2851,0,Hydra,H4
2026-01-04 04:00:00,91194.5,91534.5,91029.5,91424.5,12436,2950,0,Hydra,H4
2026-01-04 08:00:00,91424.5,91758.5,91140.5,91402.5,14685,2850,0,Hydra,H4
2026-01-04 12:00:00,91410.5,91564.5,90936.5,91224.5,12145,2850,0,Hydra,H4
2026-01-04 16:00:00,91215.5,91415.5,91017.5,91288.5,10974,2850,0,Hydra,H4
2026-01-04 20:00:00,91293.5,91379.5,90777.06,91222.5,10563,2950,0,Hydra,H4
2026-01-05 00:00:00,91230.97,93353.5,91065.5,92940.5,20458,2850,0,Hydra,H4
2026-01-05 04:00:00,92939.5,93185.34,92289.5,92304.5,17729,3150,0,Hydra,H4
2026-01-05 08:00:00,92304.5,92800.5,92090.5,92643.5,14574,3150,0,Hydra,H4
2026-01-05 12:00:00,92633.5,93169.5,92440.5,92688.5,17111,3050,0,Hydra,H4
2026-01-05 16:00:00,92687.5,94458.5,92332.5,94300.5,27388,2850,0,Hydra,H4
2026-01-05 20:00:00,94304.5,94800.5,93802.5,94097.5,20136,2950,0,Hydra,H4
2026-01-06 00:00:00,94083.27,94411.5,93548.5,93765.5,17169,2850,0,Hydra,H4
2026-01-06 04:00:00,93779.5,94003.5,93499.5,93581.5,12749,2950,0,Hydra,H4
2026-01-06 08:00:00,93576.5,93932.5,93126.5,93427.5,16361,2950,0,Hydra,H4
2026-01-06 12:00:00,93427.5,93968.5,93373.5,93689.5,13978,3150,0,Hydra,H4
2026-01-06 16:00:00,93693.5,94435.5,91464.5,91525.5,31077,2850,0,Hydra,H4
2026-01-06 20:00:00,91519.5,93807.5,91178.5,93242.5,20688,2950,0,Hydra,H4
2026-01-07 00:00:00,93245.54,93759.5,92259.5,92385.5,18331,2850,0,Hydra,H4
2026-01-07 04:00:00,92385.5,93056.5,92184.5,92485.5,15730,2950,0,Hydra,H4
2026-01-07 08:00:00,92484.5,92915.5,91511.5,91628.5,15457,2950,0,Hydra,H4
2026-01-07 12:00:00,91634.5,92205.5,91510.5,91955.5,12910,3050,0,Hydra,H4
2026-01-07 16:00:00,91957.5,92093.5,90913.5,91168.5,26055,2850,0,Hydra,H4
2026-01-07 20:00:00,91168.5,91362.5,90564.5,91035.5,18450,2850,0,Hydra,H4
2026-01-08 00:00:00,91105.15,91568.5,90557.5,91315.5,14526,2850,0,Hydra,H4
2026-01-08 04:00:00,91312.5,91372.5,90472.3,90705.5,16113,3150,0,Hydra,H4
2026-01-08 08:00:00,90708.5,90756.5,89472.5,89887.5,19937,3050,0,Hydra,H4
2026-01-08 12:00:00,89884.5,90386.5,89642.5,89835.5,17243,2850,0,Hydra,H4
2026-01-08 16:00:00,89836.5,91376.5,89168.5,91294.5,26794,2850,0,Hydra,H4
2026-01-08 20:00:00,91294.5,91404.5,90463.5,91232.5,18582,2850,0,Hydra,H4
2026-01-09 00:00:00,91260.19,91565.16,90724.5,90952.5,13017,2850,0,Hydra,H4
2026-01-09 04:00:00,90953.5,91397.5,90798.5,90994.5,14314,2850,0,Hydra,H4
2026-01-09 08:00:00,90994.5,91060.5,89590.5,90226.5,16338,2850,0,Hydra,H4
2026-01-09 12:00:00,90234.5,90866.96,90125.5,90498.5,16007,2851,0,Hydra,H4
2026-01-09 16:00:00,90497.5,91940.5,89708.5,91326.5,28695,2850,0,Hydra,H4
2026-01-09 20:00:00,91313.5,91420.5,89961.5,90397.5,18513,2850,0,Hydra,H4
2026-01-10 00:00:00,90457.04,90596.5,90217.5,90550.5,8569,2851,0,Hydra,H4
2026-01-10 04:00:00,90550.5,90646.5,90269.5,90461.5,8391,3050,0,Hydra,H4
2026-01-10 08:00:00,90461.5,90642.5,90323.5,90635.5,8090,3150,0,Hydra,H4
2026-01-10 12:00:00,90635.5,90689.5,90493.5,90530.5,6618,3150,0,Hydra,H4
2026-01-10 16:00:00,90532.5,90620.5,90388.5,90419.5,5492,3350,0,Hydra,H4
2026-01-10 20:00:00,90420.5,90526.5,90360.5,90367.5,3959,3450,0,Hydra,H4
2026-01-11 00:00:00,90362.5,90562.5,90249.22,90523.5,8227,2851,0,Hydra,H4
2026-01-11 04:00:00,90524.5,90730.02,90498.5,90650.5,6015,3150,0,Hydra,H4
2026-01-11 08:00:00,90637.5,90696.5,90458.5,90600.5,6592,3150,0,Hydra,H4
2026-01-11 12:00:00,90600.5,90879.88,90545.5,90737.5,6482,3150,0,Hydra,H4
2026-01-11 16:00:00,90737.5,91154.5,90578.5,90854.5,11982,3150,0,Hydra,H4
2026-01-11 20:00:00,90854.5,90863.5,90254.5,90621.5,9314,3150,0,Hydra,H4
2026-01-12 00:00:00,90644.73,91669.5,90055.5,91278.5,19752,2851,0,Hydra,H4
2026-01-12 04:00:00,91290.5,92417.5,91224.5,91984.5,16667,2950,0,Hydra,H4
2026-01-12 08:00:00,91984.5,92079.5,90248.5,90557.5,16286,3150,0,Hydra,H4
2026-01-12 12:00:00,90554.5,90745.5,90211.5,90497.5,12208,3150,0,Hydra,H4
2026-01-12 16:00:00,90497.5,92241.5,89960.1,91425.5,24624,3105,0,Hydra,H4
2026-01-12 20:00:00,91452.5,91967.5,90849.5,90919.5,16200,3150,0,Hydra,H4
2026-01-13 00:00:00,90985.5,91454.5,90928.5,91080.5,12223,2851,0,Hydra,H4
2026-01-13 04:00:00,91081.5,92148.5,90998.5,91810.5,14216,3150,0,Hydra,H4
2026-01-13 08:00:00,91812.5,92598.5,91695.5,92192.5,16186,3150,0,Hydra,H4
2026-01-13 12:00:00,92192.5,92498.5,91788.5,91977.5,14920,2851,0,Hydra,H4
2026-01-13 16:00:00,91957.5,93720.5,91685.5,93193.5,23897,3050,0,Hydra,H4
2026-01-13 20:00:00,93187.5,94512.5,93136.5,94093.5,18063,3150,0,Hydra,H4
2026-01-14 00:00:00,94041.8,96270.91,94041.8,95214.5,18592,2851,0,Hydra,H4
2026-01-14 04:00:00,95222.5,95760.5,94934.5,94981.5,13301,3150,0,Hydra,H4
2026-01-14 08:00:00,94982.5,95300.5,94509.5,95069.5,12777,2950,0,Hydra,H4
2026-01-14 12:00:00,95066.5,95270.5,94624.5,94974.5,14488,3150,0,Hydra,H4
2026-01-14 16:00:00,94971.5,97802.5,94949.5,96978.5,21376,3150,0,Hydra,H4
2026-01-14 20:00:00,96978.5,97951.5,96264.5,97421.5,23223,3150,0,Hydra,H4
2026-01-15 00:00:00,97531.98,97546.98,96291.5,96430.5,16757,2851,0,Hydra,H4
2026-01-15 04:00:00,96427.5,96610.5,95731.5,96405.5,18412,3150,0,Hydra,H4
2026-01-15 08:00:00,96401.5,97192.5,96145.5,97036.5,15256,3150,0,Hydra,H4
2026-01-15 12:00:00,97037.5,97066.5,96489.5,96835.5,15107,3150,0,Hydra,H4
2026-01-15 16:00:00,96835.5,97138.5,95396.5,96570.5,28709,2850,0,Hydra,H4
2026-01-15 20:00:00,96564.5,96592.5,95100.5,95540.5,19138,3150,0,Hydra,H4
2026-01-16 00:00:00,95533.31,95833.5,95360.5,95639.5,12290,2850,0,Hydra,H4
2026-01-16 04:00:00,95637.5,95662.5,95108.5,95629.5,12467,3150,0,Hydra,H4
2026-01-16 08:00:00,95639.5,95828.5,95457.5,95579.5,11308,3150,0,Hydra,H4
2026-01-16 12:00:00,95578.5,95609.5,95207.5,95407.5,12278,2950,0,Hydra,H4
2026-01-16 16:00:00,95407.5,95782.5,94222.5,95029.5,25761,3050,0,Hydra,H4
2026-01-16 20:00:00,95031.5,95571.5,94611.5,95470.5,14930,3150,0,Hydra,H4
2026-01-17 00:00:00,95511.28,95557.79,95247.65,95349.5,5095,2851,0,Hydra,H4
2026-01-17 04:00:00,95352.5,95381.5,95156.5,95271.5,7916,3150,0,Hydra,H4
2026-01-17 08:00:00,95271.5,95313.5,94971.5,95221.5,7632,3150,0,Hydra,H4
2026-01-17 12:00:00,95217.5,95405.5,95020.5,95398.5,8043,3150,0,Hydra,H4
2026-01-17 16:00:00,95398.5,95596.5,95161.5,95337.5,9988,3150,0,Hydra,H4
2026-01-17 20:00:00,95342.5,95441.5,95212.5,95260.5,6024,3150,0,Hydra,H4
2026-01-18 00:00:00,95290.43,95295.5,94738.5,94925.5,10113,2851,0,Hydra,H4
2026-01-18 04:00:00,94920.5,95233.5,94828.5,95149.5,9583,3150,0,Hydra,H4
2026-01-18 08:00:00,95149.5,95250.5,94937.5,95224.5,5464,3150,0,Hydra,H4
2026-01-18 12:00:00,95226.5,95259.5,94851.5,95115.5,6194,3150,0,Hydra,H4
2026-01-18 16:00:00,95113.5,95332.5,94875.5,95226.5,8664,3150,0,Hydra,H4
2026-01-18 20:00:00,95226.5,95494.5,95136.5,95384.5,7313,3150,0,Hydra,H4
2026-01-19 00:00:00,95417.94,95498.5,91800.5,92535.5,22249,2850,0,Hydra,H4
2026-01-19 04:00:00,92536.5,92779.5,92321.5,92471.5,14646,3150,0,Hydra,H4
2026-01-19 08:00:00,92463.5,93327.5,92341.5,92999.5,15455,2950,0,Hydra,H4
2026-01-19 12:00:00,93008.5,93274.5,92740.5,92978.5,14398,2850,0,Hydra,H4
2026-01-19 16:00:00,92978.5,93350.5,92642.5,93177.5,15076,2950,0,Hydra,H4
2026-01-19 20:00:00,93185.5,93298.5,92864.5,92971.5,7294,2851,0,Hydra,H4
2026-01-20 00:00:00,92990.91,93024.77,92088.5,92661.5,16419,2851,0,Hydra,H4
2026-01-20 04:00:00,92656.5,92665.5,91149.5,91544.5,15739,3050,0,Hydra,H4
2026-01-20 08:00:00,91546.5,91564.5,90559.5,90932.5,23798,3150,0,Hydra,H4
2026-01-20 12:00:00,90932.5,91360.5,90653.5,90866.5,17376,2850,0,Hydra,H4
2026-01-20 16:00:00,90865.5,91280.5,89283.5,89658.5,26535,2850,0,Hydra,H4
2026-01-20 20:00:00,89657.5,89831.5,89134.5,89401.5,17086,2851,0,Hydra,H4
2026-01-21 00:00:00,89254.5,89573.09,87683.5,88902.5,20907,2700,0,Hydra,H4
2026-01-21 04:00:00,88907.5,90009.5,88849.5,89842.5,14437,3050,0,Hydra,H4
2026-01-21 08:00:00,89833.5,89833.5,88851.5,88995.5,14635,3150,0,Hydra,H4
2026-01-21 12:00:00,88995.5,89298.5,88092.5,88575.5,21197,2850,0,Hydra,H4
2026-01-21 16:00:00,88566.5,90464.5,87148.5,87830.5,36526,3050,0,Hydra,H4
2026-01-21 20:00:00,87834.5,90366.5,87487.5,90195.5,30356,2850,0,Hydra,H4
2026-01-22 00:00:00,90172.5,90315.5,89240.5,90012.5,17294,2850,0,Hydra,H4
2026-01-22 04:00:00,90013.5,90291.5,89599.5,89928.5,15951,3150,0,Hydra,H4
2026-01-22 08:00:00,89926.5,90122.5,89663.5,89963.5,15650,2950,0,Hydra,H4
2026-01-22 12:00:00,89969.5,90250.5,89375.5,89523.5,17584,3150,0,Hydra,H4
2026-01-22 16:00:00,89522.5,89619.5,88409.5,89458.5,27118,2851,0,Hydra,H4
2026-01-22 20:00:00,89458.5,89875.5,89016.5,89182.5,18954,2851,0,Hydra,H4
2026-01-23 00:00:00,89184.5,89874.5,89044.5,89856.5,14914,2850,0,Hydra,H4
2026-01-23 04:00:00,89858.5,90006.5,89376.5,89509.5,13251,3150,0,Hydra,H4
2026-01-23 08:00:00,89509.5,89703.5,88781.5,88857.5,17990,3150,0,Hydra,H4
2026-01-23 12:00:00,88857.5,89337.5,88736.5,89232.5,15077,3050,0,Hydra,H4
2026-01-23 16:00:00,89231.5,91142.5,88451.5,90506.5,29444,3050,0,Hydra,H4
2026-01-23 20:00:00,90506.5,90950.5,89072.5,89226.5,23459,2851,0,Hydra,H4
2026-01-24 00:00:00,89279.4,89652.5,89264.78,89410.5,7061,2851,0,Hydra,H4
2026-01-24 04:00:00,89411.5,89807.5,89393.5,89663.5,8096,3150,0,Hydra,H4
2026-01-24 08:00:00,89665.5,89665.5,89428.5,89450.5,3383,3150,0,Hydra,H4
2026-01-24 12:00:00,89450.5,89519.5,89227.5,89229.5,2659,3150,0,Hydra,H4
2026-01-24 16:00:00,89222.5,89388.5,89017.5,89248.5,7422,3150,0,Hydra,H4
2026-01-24 20:00:00,89262.5,89332.5,89113.5,89238.5,3928,3150,0,Hydra,H4
2026-01-25 00:00:00,89280.24,89359.5,88954.5,89026.5,8604,2851,0,Hydra,H4
2026-01-25 04:00:00,89026.5,89126.5,88703.5,88857.5,10049,3150,0,Hydra,H4
2026-01-25 08:00:00,88856.5,88856.5,87939.5,88262.5,8330,3150,0,Hydra,H4
2026-01-25 12:00:00,88265.5,88849.5,88257.5,88783.5,9731,3150,0,Hydra,H4
2026-01-25 16:00:00,88782.5,88814.5,87423.5,87760.5,17425,3050,0,Hydra,H4
2026-01-25 20:00:00,87762.5,87868.5,86021.5,86500.5,24362,3050,0,Hydra,H4
2026-01-26 00:00:00,86419.54,87711.5,85909.5,87587.5,22332,2850,0,Hydra,H4
2026-01-26 04:00:00,87590.5,87864.5,86945.5,87707.5,18321,3150,0,Hydra,H4
2026-01-26 08:00:00,87707.5,88292.5,87476.5,87556.5,17682,3150,0,Hydra,H4
2026-01-26 12:00:00,87553.5,87965.5,87542.5,87860.5,14318,3150,0,Hydra,H4
2026-01-26 16:00:00,87860.5,88773.5,86949.5,87591.5,30206,3050,0,Hydra,H4
2026-01-26 20:00:00,87596.5,88456.5,87420.5,87970.5,18637,2851,0,Hydra,H4
2026-01-27 00:00:00,88008.15,88601.5,87816.5,88452.5,13047,2851,0,Hydra,H4
2026-01-27 04:00:00,88458.5,88893.5,88269.5,88339.5,15479,2950,0,Hydra,H4
2026-01-27 08:00:00,88342.5,88449.5,87724.5,87753.5,10450,3150,0,Hydra,H4
2026-01-27 12:00:00,87753.5,88046.5,87598.5,87851.5,12525,3150,0,Hydra,H4
2026-01-27 16:00:00,87851.5,88710.5,87175.5,87426.5,26977,3050,0,Hydra,H4
2026-01-27 20:00:00,87428.5,89427.5,87321.5,88910.5,23594,2850,0,Hydra,H4
2026-01-28 00:00:00,88988.79,89415.5,88868.5,89279.5,14047,2850,0,Hydra,H4
2026-01-28 04:00:00,89280.5,89336.5,88685.5,88981.5,15032,3150,0,Hydra,H4
2026-01-28 08:00:00,88998.5,89460.06,88724.5,89453.6,16383,3050,0,Hydra,H4
2026-01-28 12:00:00,89451.7,90376.5,89184.5,90143.5,20415,3150,0,Hydra,H4
2026-01-28 16:00:00,90150.5,90459.5,88748.5,90042.5,27648,3150,0,Hydra,H4
2026-01-28 20:00:00,90043.5,90057.5,88721.5,89260.5,26002,2875,0,Hydra,H4
2026-01-29 00:00:00,89263.5,89462.06,88392.5,88450.5,16301,2851,0,Hydra,H4
2026-01-29 04:00:00,88448.5,88612.5,87554.5,88055.5,19744,2850,0,Hydra,H4
2026-01-29 08:00:00,88058.5,88349.5,87733.5,87748.5,15536,3150,0,Hydra,H4
2026-01-29 12:00:00,87748.5,88009.5,87586.5,87906.5,11604,3150,0,Hydra,H4
2026-01-29 16:00:00,87906.5,87935.5,83880.5,84107.5,31412,2850,0,Hydra,H4
2026-01-29 20:00:00,84117.5,84498.5,83224.5,84346.5,21378,3150,0,Hydra,H4
2026-01-30 00:00:00,84501.38,84590.54,80914.5,82335.5,16295,2851,0,Hydra,H4
2026-01-30 04:00:00,82336.5,83191.5,81016.5,82757.5,22344,3150,0,Hydra,H4
2026-01-30 08:00:00,82756.5,82942.5,81866.5,82201.5,21982,3150,0,Hydra,H4
2026-01-30 12:00:00,82197.5,83169.5,82010.5,82595.5,22209,3150,0,Hydra,H4
2026-01-30 16:00:00,82601.5,83663.5,82253.5,82804.5,34690,3150,0,Hydra,H4
2026-01-30 20:00:00,82796.5,84525.5,81751.5,84230.5,33593,2950,0,Hydra,H4
2026-01-31 00:00:00,84232.03,84232.03,83745.5,83873.5,10045,2851,0,Hydra,H4
2026-01-31 04:00:00,83871.5,84084.5,83671.5,83862.5,10009,3150,0,Hydra,H4
2026-01-31 08:00:00,83862.5,83893.5,82400.5,82970.5,17853,2850,0,Hydra,H4
2026-01-31 12:00:00,82973.5,83047.5,82364.5,82628.5,11806,2851,0,Hydra,H4
2026-01-31 16:00:00,82628.5,82794.5,78069.5,78764.5,34267,2851,0,Hydra,H4
2026-01-31 20:00:00,78769.5,79020.5,75586.5,78251.5,33606,2850,0,Hydra,H4
2026-02-01 00:00:00,78159.5,79316.5,77833.5,78424.5,23982,2850,0,Hydra,H4
2026-02-01 04:00:00,78438.5,79010.5,78269.5,78516.5,18908,2950,0,Hydra,H4
2026-02-01 08:00:00,78510.5,79061.5,77870.5,78960.5,18691,3050,0,Hydra,H4
2026-02-01 12:00:00,78956.5,79152.5,78012.5,78224.5,19824,2851,0,Hydra,H4
2026-02-01 16:00:00,78229.5,78449.5,76684.5,77659.5,31283,2851,0,Hydra,H4
2026-02-01 20:00:00,77662.5,78347.5,76223.5,76343.5,25651,2850,0,Hydra,H4
2026-02-02 00:00:00,76449.72,78076.5,75589.5,77445.5,30101,2850,0,Hydra,H4
2026-02-02 04:00:00,77444.5,77471.5,74491.5,75400.5,31942,2850,0,Hydra,H4
2026-02-02 08:00:00,75386.5,77745.5,74839.5,77638.5,28125,3050,0,Hydra,H4
2026-02-02 12:00:00,77637.5,78391.5,77355.5,78154.5,23255,3050,0,Hydra,H4
2026-02-02 16:00:00,78153.5,79294.5,77484.5,78938.5,30973,2850,0,Hydra,H4
2026-02-02 20:00:00,78936.5,78936.5,77809.5,78428.5,25202,2950,0,Hydra,H4
2026-02-03 00:00:00,78451.5,79131.5,78313.5,78940.5,18604,2851,0,Hydra,H4
2026-02-03 04:00:00,78942.5,78942.5,77550.73,78169.5,21967,2850,0,Hydra,H4
2026-02-03 08:00:00,78165.5,79020.5,77856.5,78327.5,22331,2850,0,Hydra,H4
2026-02-03 12:00:00,78326.5,78499.5,77903.5,78216.5,21242,3050,0,Hydra,H4
2026-02-03 16:00:00,78216.5,78366.5,74738.63,74790.5,35337,2851,0,Hydra,H4
2026-02-03 20:00:00,74795.5,76850.5,72822.5,76135.5,34702,3050,0,Hydra,H4
2026-02-04 00:00:00,76126.5,76679.5,75262.5,76296.5,23756,2851,0,Hydra,H4
2026-02-04 04:00:00,76296.5,76871.5,75586.5,76193.5,20280,3050,0,Hydra,H4
2026-02-04 08:00:00,76193.5,76697.5,75827.5,76008.5,20318,3050,0,Hydra,H4
2026-02-04 12:00:00,76001.5,76230.5,74722.5,74733.5,22950,2950,0,Hydra,H4
2026-02-04 16:00:00,74713.5,75622.5,72014.5,72398.5,38547,3050,0,Hydra,H4
2026-02-04 20:00:00,72405.5,73967.5,72003.5,72589.5,33266,3050,0,Hydra,H4
2026-02-05 00:00:00,72671.01,73514.5,71651.5,72227.5,30181,2850,0,Hydra,H4
2026-02-05 04:00:00,72175.5,72657.5,69992.5,70573.5,36684,2850,0,Hydra,H4
2026-02-05 08:00:00,70576.5,71826.5,70257.5,71419.5,30846,3050,0,Hydra,H4
2026-02-05 12:00:00,71417.5,71593.5,68999.5,69531.5,35262,3050,0,Hydra,H4
2026-02-05 16:00:00,69536.5,70732.5,65943.5,66012.5,41979,2851,0,Hydra,H4
2026-02-05 20:00:00,66023.5,66454.5,62108.5,63100.5,40486,2851,0,Hydra,H4
2026-02-06 00:00:00,63207.4,65653.5,59801.5,65584.5,37862,2851,0,Hydra,H4
2026-02-06 04:00:00,65601.5,66723.5,63661.5,66311.5,34862,3050,0,Hydra,H4
2026-02-06 08:00:00,66304.5,66705.5,64304.5,65708.5,33395,3050,0,Hydra,H4
2026-02-06 12:00:00,65708.5,67617.5,65460.5,67241.5,29996,3050,0,Hydra,H4
2026-02-06 16:00:00,67236.5,71470.5,66548.5,70703.5,38306,2850,0,Hydra,H4
2026-02-06 20:00:00,70700.5,70915.5,69276.5,70315.5,32272,2850,0,Hydra,H4
2026-02-07 00:00:00,70336.38,71679.5,69671.5,70435.5,25652,2850,0,Hydra,H4
2026-02-07 04:00:00,70432.5,71643.5,69904.5,70118.5,23255,2950,0,Hydra,H4
2026-02-07 08:00:00,70114.5,70271.7,67243.5,68097.5,27489,3050,0,Hydra,H4
2026-02-07 12:00:00,68094.5,69890.5,67524.5,69025.5,23944,2850,0,Hydra,H4
2026-02-07 16:00:00,69025.5,69806.5,68271.5,69132.5,26534,2851,0,Hydra,H4
2026-02-07 20:00:00,69126.5,69669.5,68940.5,69382.5,17523,3050,0,Hydra,H4
2026-02-08 00:00:00,69441.5,69659.5,68727.5,69325.5,15989,2851,0,Hydra,H4
2026-02-08 04:00:00,69329.5,69642.5,68900.5,69165.5,13004,3050,0,Hydra,H4
2026-02-08 08:00:00,69165.5,70708.5,69015.5,70048.5,19821,3050,0,Hydra,H4
2026-02-08 12:00:00,70054.5,71480.5,69811.5,71480.5,23432,3050,0,Hydra,H4
2026-02-08 16:00:00,71480.5,71505.5,70190.5,70732.5,23159,3050,0,Hydra,H4
2026-02-08 20:00:00,70728.5,71470.5,70487.5,70659.5,18105,3050,0,Hydra,H4
2026-02-09 00:00:00,70642.5,72193.5,69907.5,70309.5,26869,2851,0,Hydra,H4
2026-02-09 04:00:00,70308.5,71389.5,70147.5,70996.5,23873,2850,0,Hydra,H4
2026-02-09 08:00:00,70991.5,70993.5,69284.5,69570.5,24533,2850,0,Hydra,H4
2026-02-09 12:00:00,69573.5,69665.5,68341.5,68546.5,26809,3050,0,Hydra,H4
2026-02-09 16:00:00,68540.5,70889.5,68243.5,70563.5,36081,2850,0,Hydra,H4
2026-02-09 20:00:00,70567.5,71089.5,69774.5,70353.5,27905,2850,0,Hydra,H4
2026-02-10 00:00:00,70400.38,70698.5,69675.5,70440.5,17945,2851,0,Hydra,H4
2026-02-10 04:00:00,70446.5,70446.5,69109.5,69410.5,20525,3050,0,Hydra,H4
2026-02-10 08:00:00,69406.5,69455.5,68635.5,69083.5,21437,2850,0,Hydra,H4
2026-02-10 12:00:00,69083.5,69198.5,68291.5,68982.5,21755,2851,0,Hydra,H4
2026-02-10 16:00:00,68975.5,69969.5,67822.5,69892.5,31768,3050,0,Hydra,H4
2026-02-10 20:00:00,69895.5,69918.5,68300.5,68577.5,26557,2950,0,Hydra,H4
2026-02-11 00:00:00,68595.5,69253.5,68423.5,68940.5,17844,2851,0,Hydra,H4
2026-02-11 04:00:00,68942.5,69119.5,67299.5,67354.5,24862,2950,0,Hydra,H4
2026-02-11 08:00:00,67355.5,67446.5,66504.5,66834.5,25903,3050,0,Hydra,H4
2026-02-11 12:00:00,66832.5,67604.5,66336.5,67423.5,25400,2850,0,Hydra,H4
2026-02-11 16:00:00,67427.5,68763.5,65689.5,66449.5,38069,2850,0,Hydra,H4
2026-02-11 20:00:00,66459.5,68283.5,66085.5,67782.5,29243,3050,0,Hydra,H4
2026-02-12 00:00:00,67738.5,67989.5,66728.5,67643.5,18936,2851,0,Hydra,H4
2026-02-12 04:00:00,67635.5,67738.5,66583.5,67092.5,18596,2850,0,Hydra,H4
2026-02-12 08:00:00,67087.5,67649.5,66839.5,67504.5,16441,2950,0,Hydra,H4
2026-02-12 12:00:00,67503.5,68373.5,67368.5,68347.5,19830,3050,0,Hydra,H4
2026-02-12 16:00:00,68347.5,68382.5,65273.5,65354.5,37472,2850,0,Hydra,H4
2026-02-12 20:00:00,65353.5,66083.5,65055.5,65740.5,29836,2950,0,Hydra,H4
2026-02-13 00:00:00,65837.31,66556.5,65574.5,66397.5,21759,2850,0,Hydra,H4
2026-02-13 04:00:00,66404.5,66747.5,66114.5,66128.5,17240,3050,0,Hydra,H4
2026-02-13 08:00:00,66133.5,67003.5,65942.5,66902.5,20470,3050,0,Hydra,H4
2026-02-13 12:00:00,66898.5,67579.5,66723.5,67213.5,22720,2950,0,Hydra,H4
2026-02-13 16:00:00,67214.5,69400.5,66803.5,68982.5,35614,2850,0,Hydra,H4
2026-02-13 20:00:00,68982.5,69371.5,68631.5,68795.5,23708,2850,0,Hydra,H4
2026-02-14 00:00:00,68889.97,69104.5,68714.5,68911.5,9117,2850,0,Hydra,H4
2026-02-14 04:00:00,68911.5,68975.5,68711.5,68731.5,7697,3050,0,Hydra,H4
2026-02-14 08:00:00,68732.5,69871.5,68679.5,69687.5,12985,3050,0,Hydra,H4
2026-02-14 12:00:00,69687.5,70512.5,69197.5,69446.5,16450,2950,0,Hydra,H4
2026-02-14 16:00:00,69415.5,70031.5,69252.5,69698.5,17527,3050,0,Hydra,H4
2026-02-14 20:00:00,69699.5,70230.5,69564.5,69894.5,13522,2950,0,Hydra,H4
2026-02-15 00:00:00,69923.36,70061.5,69314.5,69678.5,12213,2850,0,Hydra,H4
2026-02-15 04:00:00,69671.5,70508.5,69205.5,70246.5,16975,2851,0,Hydra,H4
2026-02-15 08:00:00,70246.5,70943.5,70130.5,70392.5,17635,2950,0,Hydra,H4
2026-02-15 12:00:00,70391.5,70508.5,68736.5,68912.5,19241,2950,0,Hydra,H4
2026-02-15 16:00:00,68910.5,69241.5,68156.5,68597.5,17566,3050,0,Hydra,H4
2026-02-15 20:00:00,68598.5,68921.5,68033.5,68837.5,18013,2851,0,Hydra,H4
2026-02-16 00:00:00,68887.77,69056.5,68236.5,68594.5,17257,2850,0,Hydra,H4
2026-02-16 04:00:00,68594.5,68874.5,68107.5,68353.5,19418,3050,0,Hydra,H4
2026-02-16 08:00:00,68353.5,69031.5,68184.5,68961.5,18258,3050,0,Hydra,H4
2026-02-16 12:00:00,68960.5,70092.5,68181.5,68359.5,25807,3050,0,Hydra,H4
2026-02-16 16:00:00,68358.5,68681.5,67234.5,67900.5,31575,3050,0,Hydra,H4
2026-02-16 20:00:00,67904.5,68896.5,67778.5,68856.5,20190,3050,0,Hydra,H4
2026-02-17 00:00:00,68831.5,69017.5,68445.5,68585.5,18539,2851,0,Hydra,H4
2026-02-17 04:00:00,68587.5,69211.5,67844.5,68200.5,25126,3050,0,Hydra,H4
2026-02-17 08:00:00,68200.5,68480.5,67925.5,68075.5,20960,3050,0,Hydra,H4
2026-02-17 12:00:00,68075.5,68317.5,67594.5,68079.5,25434,3050,0,Hydra,H4
2026-02-17 16:00:00,68080.5,68298.5,66538.5,67199.5,35904,2950,0,Hydra,H4
2026-02-17 20:00:00,67197.5,68200.5,67074.5,67635.5,29125,3050,0,Hydra,H4
2026-02-18 00:00:00,67622.5,67746.5,66854.5,67124.5,18247,2851,0,Hydra,H4
2026-02-18 04:00:00,67124.5,67903.5,67101.5,67606.5,19298,3050,0,Hydra,H4
2026-02-18 08:00:00,67607.5,68443.5,67572.5,68118.5,21026,3050,0,Hydra,H4
2026-02-18 12:00:00,68118.5,68154.5,67009.5,67195.5,24094,2950,0,Hydra,H4
2026-02-18 16:00:00,67196.5,68317.5,66635.5,67138.5,32102,2850,0,Hydra,H4
2026-02-18 20:00:00,67146.5,67198.5,65819.5,66300.5,28866,2851,0,Hydra,H4
2026-02-19 00:00:00,66330.25,66839.5,66167.5,66830.5,16102,2851,0,Hydra,H4
2026-02-19 04:00:00,66831.5,67047.5,66597.5,66843.5,14952,3050,0,Hydra,H4
2026-02-19 08:00:00,66841.5,67302.5,66673.5,66800.5,15576,3050,0,Hydra,H4
2026-02-19 12:00:00,66796.5,66927.5,65725.5,65891.5,19515,2950,0,Hydra,H4
2026-02-19 16:00:00,65886.5,67034.5,65569.5,66330.5,31409,2850,0,Hydra,H4
2026-02-19 20:00:00,66321.5,67171.5,66203.5,66892.5,22513,2850,0,Hydra,H4
2026-02-20 00:00:00,66885.5,67425.5,66609.5,67250.5,16353,2850,0,Hydra,H4
2026-02-20 04:00:00,67253.5,67986.5,67079.5,67762.5,13400,3050,0,Hydra,H4
2026-02-20 08:00:00,67763.5,68213.5,67647.5,68190.5,15255,2950,0,Hydra,H4
2026-02-20 12:00:00,68189.5,68300.5,66414.5,66787.5,19397,2851,0,Hydra,H4
2026-02-20 16:00:00,66787.5,68054.5,66522.5,67595.5,30955,3050,0,Hydra,H4
2026-02-20 20:00:00,67592.5,67995.5,67431.5,67771.5,20321,3050,0,Hydra,H4
2026-02-21 00:00:00,67813.37,68196.5,67586.5,67922.5,10083,2851,0,Hydra,H4
2026-02-21 04:00:00,67934.5,68066.5,67510.5,67829.5,6984,3050,0,Hydra,H4
2026-02-21 08:00:00,67833.5,68288.5,67718.5,68123.5,7413,3050,0,Hydra,H4
2026-02-21 12:00:00,68123.5,68264.5,67897.5,68223.5,8431,3050,0,Hydra,H4
2026-02-21 16:00:00,68221.5,68686.5,68045.5,68429.5,12906,3050,0,Hydra,H4
2026-02-21 20:00:00,68428.5,68635.5,68140.5,68342.5,9043,3050,0,Hydra,H4
2026-02-22 00:00:00,68367.44,68393.99,67776.5,68137.5,11962,2851,0,Hydra,H4
2026-02-22 04:00:00,68134.5,68193.5,67774.5,67951.5,10029,3050,0,Hydra,H4
2026-02-22 08:00:00,67949.5,68154.1,67883.5,68037.5,8261,3050,0,Hydra,H4
2026-02-22 12:00:00,68037.5,68234.5,67518.5,67629.5,12318,2950,0,Hydra,H4
2026-02-22 16:00:00,67624.5,67793.5,67119.5,67356.5,14952,3050,0,Hydra,H4
2026-02-22 20:00:00,67351.5,67592.5,67278.5,67564.5,7086,3050,0,Hydra,H4
2026-02-23 00:00:00,67600.15,67711.5,64251.5,64389.5,17879,2850,0,Hydra,H4
2026-02-23 04:00:00,64387.5,65202.5,64272.5,65039.5,17754,2950,0,Hydra,H4
2026-02-23 08:00:00,65039.5,66447.5,64997.5,66399.5,17691,3050,0,Hydra,H4
2026-02-23 12:00:00,66399.5,66591.5,65878.5,66122.5,18016,2950,0,Hydra,H4
2026-02-23 16:00:00,66121.5,66262.5,64130.5,64776.5,30243,2950,0,Hydra,H4
2026-02-23 20:00:00,64779.5,65157.5,63842.5,64544.5,25572,2850,0,Hydra,H4
2026-02-24 00:00:00,64568.15,64996.34,63392.5,64129.5,18420,2851,0,Hydra,H4
2026-02-24 04:00:00,64135.5,64483.5,62683.5,63078.5,26587,3050,0,Hydra,H4
2026-02-24 08:00:00,63073.5,63405.5,62863.5,63229.5,18605,3050,0,Hydra,H4
2026-02-24 12:00:00,63231.5,63356.5,62469.5,62890.5,16388,2950,0,Hydra,H4
2026-02-24 16:00:00,62890.5,64510.5,62744.5,64212.5,28894,2950,0,Hydra,H4
2026-02-24 20:00:00,64193.5,64721.5,63824.5,64041.5,18592,3050,0,Hydra,H4
2026-02-25 00:00:00,64030.15,66296.5,63831.5,65884.5,18639,2850,0,Hydra,H4
2026-02-25 04:00:00,65881.5,66306.5,64744.5,64881.5,22613,2950,0,Hydra,H4
2026-02-25 08:00:00,64880.5,65683.5,64768.5,65553.5,16929,3050,0,Hydra,H4
2026-02-25 12:00:00,65553.5,66656.5,65173.5,66223.5,20035,3050,0,Hydra,H4
2026-02-25 16:00:00,66223.5,68899.5,66182.5,68685.5,30811,3050,0,Hydra,H4
2026-02-25 20:00:00,68680.5,70010.5,68386.5,68902.5,25609,3050,0,Hydra,H4
2026-02-26 00:00:00,68907.21,69200.5,67565.5,68248.5,20157,2850,0,Hydra,H4
2026-02-26 04:00:00,68242.5,68852.5,67792.5,68445.5,24869,3050,0,Hydra,H4
2026-02-26 08:00:00,68443.5,68645.5,67768.5,68586.5,23671,3050,0,Hydra,H4
2026-02-26 12:00:00,68580.5,68710.5,67812.5,67882.5,23589,3050,0,Hydra,H4
2026-02-26 16:00:00,67882.5,68260.5,66479.5,66818.5,34281,3050,0,Hydra,H4
2026-02-26 20:00:00,66817.5,67899.5,66544.5,67433.5,25628,2950,0,Hydra,H4
2026-02-27 00:00:00,67451.14,67666.5,66878.5,67359.5,18355,2851,0,Hydra,H4
2026-02-27 04:00:00,67359.5,68229.5,67101.5,67732.5,15312,3050,0,Hydra,H4
2026-02-27 08:00:00,67737.5,68158.5,67300.5,67369.5,16390,2950,0,Hydra,H4
2026-02-27 12:00:00,67369.5,67430.5,65644.5,66271.5,27431,3050,0,Hydra,H4
2026-02-27 16:00:00,66273.5,66334.5,65096.5,65691.5,33186,2850,0,Hydra,H4
2026-02-27 20:00:00,65696.5,65772.5,65145.5,65512.5,23075,2851,0,Hydra,H4
2026-02-28 00:00:00,65515.08,65856.5,64910.12,65775.5,1468,2851,0,Hydra,H4
2026-02-28 04:00:00,65760.5,66030.5,65448.5,65585.5,15147,2850,0,Hydra,H4
2026-02-28 08:00:00,65579.5,65594.5,63000.5,63636.5,32662,2850,0,Hydra,H4
2026-02-28 12:00:00,63634.5,65207.5,63447.5,65095.5,23475,2851,0,Hydra,H4
2026-02-28 16:00:00,65092.5,65544.5,64196.5,65435.5,29579,3050,0,Hydra,H4
2026-02-28 20:00:00,65436.5,67153.5,65144.5,66741.5,31377,2850,0,Hydra,H4
2026-03-01 00:00:00,66711.2,67748.5,66039.5,67352.5,29281,2850,0,Hydra,H4
2026-03-01 04:00:00,67356.5,68201.5,67064.5,67290.5,26425,3050,0,Hydra,H4
2026-03-01 08:00:00,67292.5,67354.5,66224.5,66404.5,24251,2950,0,Hydra,H4
2026-03-01 12:00:00,66403.5,67318.5,66089.5,66943.5,21278,2851,0,Hydra,H4
2026-03-01 16:00:00,66939.5,67311.5,65647.5,65972.5,27919,2700,0,Hydra,H4
2026-03-01 20:00:00,65973.5,66643.5,65095.5,65758.5,23131,3050,0,Hydra,H4
2026-03-02 00:00:00,65666.5,67074.5,65013.5,66543.5,29921,2700,0,Hydra,H4
2026-03-02 04:00:00,66538.5,67045.5,65870.5,66731.5,29261,2950,0,Hydra,H4
2026-03-02 08:00:00,66731.5,66747.5,65540.5,66167.5,31855,3050,0,Hydra,H4
2026-03-02 12:00:00,66167.5,66466.5,65340.5,65438.5,26314,2850,0,Hydra,H4
2026-03-02 16:00:00,65435.5,70116.5,65232.5,69198.5,36219,3050,0,Hydra,H4
2026-03-02 20:00:00,69202.5,69555.5,68567.5,69415.5,30100,2850,0,Hydra,H4
2026-03-03 00:00:00,69394.49,69519.5,68641.5,68749.5,28209,2851,0,Hydra,H4
2026-03-03 04:00:00,68751.5,68760.5,67831.5,67932.5,30703,2850,0,Hydra,H4
2026-03-03 08:00:00,67932.5,68300.5,66293.5,66618.5,31180,2850,0,Hydra,H4
2026-03-03 12:00:00,66614.5,67940.5,66410.5,66909.5,33933,2851,0,Hydra,H4
2026-03-03 16:00:00,66910.5,68994.5,66068.5,68309.5,38937,2850,0,Hydra,H4
2026-03-03 20:00:00,68317.5,68918.5,67803.5,68047.5,26570,2851,0,Hydra,H4
2026-03-04 00:00:00,68013.87,68914.5,67859.5,68408.5,25641,2850,0,Hydra,H4
2026-03-04 04:00:00,68417.5,68449.5,67336.5,68198.5,32799,3050,0,Hydra,H4
2026-03-04 08:00:00,68198.5,71895.5,68030.5,71513.5,30153,2851,0,Hydra,H4
2026-03-04 12:00:00,71513.5,71860.5,70568.5,71468.5,30682,3050,0,Hydra,H4
2026-03-04 16:00:00,71469.5,73786.5,71302.5,73245.5,34318,3050,0,Hydra,H4
2026-03-04 20:00:00,73245.5,74065.5,72849.5,73345.5,23234,3050,0,Hydra,H4
2026-03-05 00:00:00,73297.22,73518.5,72307.5,72558.5,25148,2851,0,Hydra,H4
2026-03-05 04:00:00,72563.5,73094.5,72276.5,72432.5,23615,2850,0,Hydra,H4
2026-03-05 08:00:00,72432.5,72895.5,71771.5,72608.5,22658,2850,0,Hydra,H4
2026-03-05 12:00:00,72608.5,73581.5,72188.5,72492.5,26916,2950,0,Hydra,H4
2026-03-05 16:00:00,72492.5,72841.5,70641.5,70697.5,34773,3050,0,Hydra,H4
2026-03-05 20:00:00,70697.5,71587.5,70641.5,71152.5,28271,2850,0,Hydra,H4
2026-03-06 00:00:00,71129.42,71352.5,70364.5,71249.5,21437,2850,0,Hydra,H4
2026-03-06 04:00:00,71250.5,71426.5,70117.5,70419.5,26053,2950,0,Hydra,H4
2026-03-06 08:00:00,70422.5,71181.5,70245.5,70557.5,26625,3050,0,Hydra,H4
2026-03-06 12:00:00,70559.5,70801.5,69203.5,69217.5,28358,3050,0,Hydra,H4
2026-03-06 16:00:00,69219.5,69280.5,67733.5,67944.5,39242,3050,0,Hydra,H4
2026-03-06 20:00:00,67942.5,68477.5,67755.5,68316.5,30296,2950,0,Hydra,H4
2026-03-07 00:00:00,68276.6,68444.5,68041.5,68248.5,12336,2850,0,Hydra,H4
2026-03-07 04:00:00,68249.5,68543.5,67779.5,68009.5,17432,3050,0,Hydra,H4
2026-03-07 08:00:00,68015.5,68063.5,67431.5,68001.5,15534,2950,0,Hydra,H4
2026-03-07 12:00:00,68002.5,68231.5,67826.5,67914.5,13195,2700,0,Hydra,H4
2026-03-07 16:00:00,67913.5,68085.5,67573.5,67786.5,18215,2850,0,Hydra,H4
2026-03-07 20:00:00,67786.5,67789.5,66917.5,67429.5,19056,2950,0,Hydra,H4
2026-03-08 00:00:00,67440.47,67491.5,67065.5,67293.5,14284,2850,0,Hydra,H4
2026-03-08 04:00:00,67294.5,67415.5,66516.5,67135.5,19320,3050,0,Hydra,H4
2026-03-08 08:00:00,67135.5,67898.5,67022.5,67691.5,18157,2950,0,Hydra,H4
2026-03-08 12:00:00,67695.5,68213.5,66788.5,67224.5,23347,2950,0,Hydra,H4
2026-03-08 16:00:00,67223.5,67411.5,66762.5,67050.5,22366,3050,0,Hydra,H4
2026-03-08 20:00:00,67044.5,67508.5,66675.5,66967.5,18388,2850,0,Hydra,H4
2026-03-09 00:00:00,67002.5,67002.5,65596.5,66173.5,35688,2850,0,Hydra,H4
2026-03-09 04:00:00,66171.5,68050.5,65931.5,67899.5,33090,3050,0,Hydra,H4
2026-03-09 08:00:00,67903.5,68441.5,66864.5,67969.5,31904,3050,0,Hydra,H4
2026-03-09 12:00:00,67973.5,69307.5,67314.5,68983.5,31882,3050,0,Hydra,H4
2026-03-09 16:00:00,68983.5,69497.5,68262.5,68606.5,21421,2850,0,Hydra,H4
2026-03-09 20:00:00,68606.5,69522.5,68238.5,69006.5,18368,2851,0,Hydra,H4
2026-03-10 00:00:00,68925.5,69396.5,68376.5,69268.5,24610,2850,0,Hydra,H4
2026-03-10 04:00:00,69260.5,70587.5,69108.5,69971.5,30205,2950,0,Hydra,H4
2026-03-10 08:00:00,69969.5,71302.5,69755.5,71058.5,29060,2950,0,Hydra,H4
2026-03-10 12:00:00,71058.5,71084.5,69657.5,69932.5,26794,2850,0,Hydra,H4
2026-03-10 16:00:00,69932.5,71787.5,69291.5,70883.5,32785,2850,0,Hydra,H4
2026-03-10 20:00:00,70885.5,70951.5,69440.5,69758.5,26044,2851,0,Hydra,H4
2026-03-11 00:00:00,69763.5,70179.5,69452.5,70076.5,23924,2882,0,Hydra,H4
2026-03-11 04:00:00,70076.5,70273.5,69392.5,69510.5,22736,2850,0,Hydra,H4
2026-03-11 08:00:00,69507.5,70040.5,69362.5,69469.5,25288,2950,0,Hydra,H4
2026-03-11 12:00:00,69471.5,71090.5,68977.5,70189.5,30077,3050,0,Hydra,H4
2026-03-11 16:00:00,70189.5,71361.5,69695.5,70812.5,36134,3050,0,Hydra,H4
2026-03-11 20:00:00,70802.5,70922.5,70402.5,70732.5,18542,2850,0,Hydra,H4
2026-03-12 00:00:00,70758.5,70951.5,70138.5,70238.5,16733,2851,0,Hydra,H4
2026-03-12 04:00:00,70238.5,70249.5,69220.5,69371.5,22572,3050,0,Hydra,H4
2026-03-12 08:00:00,69371.5,70125.5,69181.5,69922.5,20759,3050,0,Hydra,H4
2026-03-12 12:00:00,69918.5,70805.5,69577.5,70394.5,26769,2850,0,Hydra,H4
2026-03-12 16:00:00,70394.5,70676.5,69347.5,70392.5,36642,3050,0,Hydra,H4
2026-03-12 20:00:00,70392.5,70596.5,69766.5,70187.5,27272,2950,0,Hydra,H4
2026-03-13 00:00:00,70151.99,72023.5,70022.5,71485.5,24507,2851,0,Hydra,H4
2026-03-13 04:00:00,71485.5,71770.5,70957.5,71387.5,26012,3050,0,Hydra,H4
2026-03-13 08:00:00,71387.5,72162.5,71173.5,71835.5,25933,3050,0,Hydra,H4
2026-03-13 12:00:00,71834.5,72891.5,71583.5,72798.5,29423,2850,0,Hydra,H4
2026-03-13 16:00:00,72796.5,73927.5,71151.5,71886.5,38408,2950,0,Hydra,H4
2026-03-13 20:00:00,71895.5,72266.5,70824.5,71339.5,26410,3050,0,Hydra,H4
2026-03-14 00:00:00,71341.84,71476.84,70550.5,70636.5,15126,2850,0,Hydra,H4
2026-03-14 04:00:00,70638.5,71317.5,70475.5,71046.5,15778,2850,0,Hydra,H4
2026-03-14 08:00:00,71046.5,71160.5,70330.5,70598.5,17520,3050,0,Hydra,H4
2026-03-14 12:00:00,70599.5,70856.5,70361.5,70794.5,11141,3120,0,Hydra,H4
2026-03-14 16:00:00,70794.5,70964.5,70475.5,70693.5,14810,3050,0,Hydra,H4
2026-03-14 20:00:00,70689.5,70880.5,70568.5,70837.5,9965,3050,0,Hydra,H4
2026-03-15 00:00:00,70793.2,71269.5,70541.5,70987.5,14742,2850,0,Hydra,H4
2026-03-15 04:00:00,70987.5,71672.5,70860.5,71594.5,18524,3050,0,Hydra,H4
2026-03-15 08:00:00,71597.5,71796.5,71384.5,71715.5,16798,3050,0,Hydra,H4
2026-03-15 12:00:00,71715.5,71946.5,71556.95,71622.5,16416,2851,0,Hydra,H4
2026-03-15 16:00:00,71621.5,71682.5,71254.5,71444.5,18307,2851,0,Hydra,H4
2026-03-15 20:00:00,71446.5,71993.5,71298.5,71746.5,17883,3050,0,Hydra,H4
2026-03-16 00:00:00,71717.5,73225.5,71617.5,72534.5,26809,2851,0,Hydra,H4
2026-03-16 04:00:00,72542.5,74454.5,72267.5,73829.5,27320,2950,0,Hydra,H4
2026-03-16 08:00:00,73830.5,74257.5,72888.5,73148.5,23739,2950,0,Hydra,H4
2026-03-16 12:00:00,73150.5,74038.5,73062.5,73865.5,22891,2950,0,Hydra,H4
2026-03-16 16:00:00,73864.5,74534.5,72956.5,73770.5,33823,2850,0,Hydra,H4
2026-03-16 20:00:00,73772.5,74410.5,73641.5,74209.5,27193,2950,0,Hydra,H4
2026-03-17 00:00:00,74218.5,75490.5,74065.5,75302.5,27702,2851,0,Hydra,H4
2026-03-17 04:00:00,75302.5,75987.5,73951.5,74239.5,29316,2950,0,Hydra,H4
2026-03-17 08:00:00,74237.5,74462.5,73761.5,74179.5,22861,2950,0,Hydra,H4
2026-03-17 12:00:00,74186.5,74411.5,73464.5,73735.5,23980,2950,0,Hydra,H4
2026-03-17 16:00:00,73734.5,74910.5,73367.5,74173.5,33057,3050,0,Hydra,H4
2026-03-17 20:00:00,74179.5,74824.5,74011.5,74570.5,23658,3050,0,Hydra,H4
2026-03-18 00:00:00,74499.21,74818.5,73555.5,73883.5,21215,2851,0,Hydra,H4
2026-03-18 04:00:00,73883.5,74699.5,73828.5,74197.5,18150,2950,0,Hydra,H4
2026-03-18 08:00:00,74193.5,74331.5,73703.5,74061.5,17649,3050,0,Hydra,H4
2026-03-18 12:00:00,74062.5,74310.5,72261.5,72355.5,24839,3050,0,Hydra,H4
2026-03-18 16:00:00,72362.5,72553.5,70845.5,71312.5,34273,2850,0,Hydra,H4
2026-03-18 20:00:00,71317.5,71974.5,70457.5,71213.5,30106,3050,0,Hydra,H4
2026-03-19 00:00:00,71221.53,71414.5,70928.5,70993.5,19010,2851,0,Hydra,H4
2026-03-19 04:00:00,70993.5,71605.5,70633.5,70815.5,23066,3050,0,Hydra,H4
2026-03-19 08:00:00,70815.5,70945.5,69478.5,69984.5,27602,3050,0,Hydra,H4
2026-03-19 12:00:00,69984.5,70554.5,69047.5,69278.5,24022,3050,0,Hydra,H4
2026-03-19 16:00:00,69282.5,70135.5,68720.5,69440.5,35163,3050,0,Hydra,H4
2026-03-19 20:00:00,69438.5,70661.5,69084.5,70484.5,26260,2950,0,Hydra,H4
2026-03-20 00:00:00,70454.5,70689.5,69674.5,70191.5,18948,2850,0,Hydra,H4
2026-03-20 04:00:00,70193.5,70958.5,70034.5,70764.5,19544,2950,0,Hydra,H4
2026-03-20 08:00:00,70765.5,71361.5,70197.5,71031.5,20371,3050,0,Hydra,H4
2026-03-20 12:00:00,71035.5,71035.5,70194.5,70320.5,22832,2850,0,Hydra,H4
2026-03-20 16:00:00,70320.5,70605.5,69434.5,69800.5,34030,3050,0,Hydra,H4
2026-03-20 20:00:00,69801.5,70237.5,69349.5,70025.5,27359,3050,0,Hydra,H4
2026-03-21 00:00:00,70030.5,70896.5,69896.5,70657.5,17934,2851,0,Hydra,H4
2026-03-21 04:00:00,70657.5,70791.5,70390.5,70615.5,14074,3050,0,Hydra,H4
2026-03-21 08:00:00,70615.5,70862.5,70468.5,70573.5,13259,3050,0,Hydra,H4
2026-03-21 12:00:00,70573.5,70773.5,70523.5,70682.5,11494,3050,0,Hydra,H4
2026-03-21 16:00:00,70682.5,71061.5,70218.5,70279.5,14344,3050,0,Hydra,H4
2026-03-21 20:00:00,70279.5,70501.5,70163.5,70430.5,9101,3050,0,Hydra,H4
2026-03-22 00:00:00,70449.77,70475.5,68172.5,68918.5,19337,2850,0,Hydra,H4
2026-03-22 04:00:00,68918.5,69565.5,68722.5,69322.5,18583,3050,0,Hydra,H4
2026-03-22 08:00:00,69323.5,69331.5,68512.5,68769.5,16534,3050,0,Hydra,H4
2026-03-22 12:00:00,68770.5,68864.5,68110.5,68634.5,16912,2850,0,Hydra,H4
2026-03-22 16:00:00,68634.5,68976.5,68505.5,68786.5,15940,3050,0,Hydra,H4
2026-03-22 20:00:00,68788.5,68842.5,68045.5,68158.5,14307,3050,0,Hydra,H4
2026-03-23 00:00:00,68138.5,68442.5,67277.5,67640.5,28145,2851,0,Hydra,H4
2026-03-23 04:00:00,67639.5,68566.5,67493.5,68510.5,24987,3050,0,Hydra,H4
2026-03-23 08:00:00,68508.5,68878.5,67462.5,68401.5,27906,2950,0,Hydra,H4
2026-03-23 12:00:00,68405.5,71444.5,67876.5,70708.5,32233,2851,0,Hydra,H4
2026-03-23 16:00:00,70714.5,71800.5,70068.5,70541.5,37764,3050,0,Hydra,H4
2026-03-23 20:00:00,70546.5,71224.5,70321.5,70903.5,26018,3050,0,Hydra,H4
2026-03-24 00:00:00,70903.08,71068.5,70344.5,70659.5,23179,2851,0,Hydra,H4
2026-03-24 04:00:00,70660.5,70862.5,70218.5,70341.5,25245,3050,0,Hydra,H4
2026-03-24 08:00:00,70347.5,71383.5,70081.5,70929.5,24508,2950,0,Hydra,H4
2026-03-24 12:00:00,70930.5,71355.5,70802.5,70940.5,22343,2850,0,Hydra,H4
2026-03-24 16:00:00,70939.5,71044.5,69287.5,69440.5,35553,3050,0,Hydra,H4
2026-03-24 20:00:00,69440.5,70245.5,68827.5,70015.5,28959,2850,0,Hydra,H4
2026-03-25 00:00:00,70050.5,71008.5,69814.5,70793.5,21695,2851,0,Hydra,H4
2026-03-25 04:00:00,70793.5,70956.5,70354.5,70936.5,21264,3050,0,Hydra,H4
2026-03-25 08:00:00,70936.5,71479.5,70755.5,71212.5,19269,3050,0,Hydra,H4
2026-03-25 12:00:00,71211.5,71379.5,71103.5,71261.5,3529,2850,0,Hydra,H4
